province_id,province_vi,region,region_id,year,D1,D2,D3,D4,D5,D6,D7,D8,total_papi,total_papi_6dim,total_official,n_dims,rank_year,tier
1,Hà Giang,Trung du và miền núi phía Bắc,1,2011,4.876205,4.829181,5.007073,5.220708,6.448717,5.871421,,,32.253304,32.253304,,6,62,Thấp nhất
2,Cao Bằng,Trung du và miền núi phía Bắc,1,2011,5.309291,5.516291,4.798923,4.05398,6.588932,6.256076,,,32.523495,32.523495,,6,61,Thấp nhất
3,Bắc Kạn,Trung du và miền núi phía Bắc,1,2011,5.601996,5.773088,5.725249,5.885087,7.197525,6.480335,,,36.66328,36.66328,,6,19,TB cao
4,Tuyên Quang,Trung du và miền núi phía Bắc,1,2011,5.228072,5.541674,5.371785,5.795823,6.725205,6.596823,,,35.259384,35.259384,,6,38,TB thấp
5,Lào Cai,Trung du và miền núi phía Bắc,1,2011,5.545943,5.830779,5.573418,5.484072,6.450169,6.228536,,,35.112915,35.112915,,6,41,TB thấp
6,Yên Bái,Trung du và miền núi phía Bắc,1,2011,5.157237,6.049838,5.696171,5.769361,7.089154,5.98294,,,35.7447,35.7447,,6,29,TB cao
7,Thái Nguyên,Trung du và miền núi phía Bắc,1,2011,5.286486,5.955234,5.535253,5.492052,6.962739,6.29495,,,35.526714,35.526714,,6,34,TB thấp
8,Lạng Sơn,Trung du và miền núi phía Bắc,1,2011,6.004803,6.380309,5.864292,6.363323,6.75143,7.019526,,,38.383682,38.383686,,6,9,Cao nhất
9,Bắc Giang,Trung du và miền núi phía Bắc,1,2011,5.627799,5.488588,5.444681,4.976701,6.843168,6.52241,,,34.903347,34.903347,,6,44,TB thấp
10,Phú Thọ,Trung du và miền núi phía Bắc,1,2011,5.671049,5.024613,5.86601,5.677862,6.902812,6.578358,,,35.720703,35.720703,,6,30,TB cao
11,Điện Biên,Trung du và miền núi phía Bắc,1,2011,4.83451,5.728653,5.462211,5.069239,6.708876,6.343846,,,34.147335,34.147335,,6,52,Thấp nhất
12,Lai Châu,Trung du và miền núi phía Bắc,1,2011,5.166482,5.084737,5.198565,5.306615,6.675288,6.49568,,,33.92737,33.92737,,6,54,Thấp nhất
13,Sơn La,Trung du và miền núi phía Bắc,1,2011,6.642126,6.536399,5.843012,6.682519,6.684669,6.828486,,,39.21721,39.217213,,6,4,Cao nhất
14,Hòa Bình,Trung du và miền núi phía Bắc,1,2011,6.149224,5.987236,6.053757,5.717377,6.677558,6.647443,,,37.232594,37.232594,,6,12,Cao nhất
15,Hà Nội,Đồng bằng sông Hồng,2,2011,5.76248,5.993628,5.728503,4.999064,6.86417,7.057175,,,36.40502,36.40502,,6,20,TB cao
16,Vĩnh Phúc,Đồng bằng sông Hồng,2,2011,5.45946,5.376756,5.662301,5.627712,6.728115,6.929915,,,35.784256,35.78426,,6,28,TB cao
17,Bắc Ninh,Đồng bằng sông Hồng,2,2011,5.945492,5.300251,5.536696,4.756677,6.873471,6.731758,,,35.144344,35.144344,,6,39,TB thấp
18,Quảng Ninh,Đồng bằng sông Hồng,2,2011,5.50693,5.563884,5.981915,4.581821,6.595512,6.678566,,,34.90863,34.90863,,6,43,TB thấp
19,Hải Dương,Đồng bằng sông Hồng,2,2011,5.680454,5.892763,6.270883,5.508252,6.533383,7.013973,,,36.899708,36.899708,,6,17,TB cao
20,Hải Phòng,Đồng bằng sông Hồng,2,2011,5.178622,5.307114,4.773243,4.595267,7.010265,7.332496,,,34.197006,34.197006,,6,51,Thấp nhất
21,Hưng Yên,Đồng bằng sông Hồng,2,2011,5.107419,5.031453,5.145127,4.942143,6.81072,6.461293,,,33.498154,33.498154,,6,57,Thấp nhất
22,Thái Bình,Đồng bằng sông Hồng,2,2011,5.334291,5.845027,6.422015,5.106078,6.811929,6.630406,,,36.149746,36.14975,,6,22,TB cao
23,Hà Nam,Đồng bằng sông Hồng,2,2011,5.352929,5.570489,6.249077,5.580551,6.702801,6.216433,,,35.67228,35.67228,,6,31,TB cao
24,Nam Định,Đồng bằng sông Hồng,2,2011,5.379339,6.65163,6.295915,5.912676,7.374056,6.770439,,,38.384056,38.384056,,6,8,Cao nhất
25,Ninh Bình,Đồng bằng sông Hồng,2,2011,4.882277,5.231442,5.078667,4.931393,7.017153,6.459054,,,33.599987,33.599987,,6,55,Thấp nhất
26,Thanh Hóa,Bắc Trung Bộ và Duyên hải miền Trung,3,2011,5.543016,5.964661,5.943183,5.735574,7.260157,6.782002,,,37.228592,37.228592,,6,13,Cao nhất
27,Nghệ An,Bắc Trung Bộ và Duyên hải miền Trung,3,2011,5.40526,5.93751,6.318358,5.372231,6.836513,6.413505,,,36.28338,36.283375,,6,21,TB cao
28,Hà Tĩnh,Bắc Trung Bộ và Duyên hải miền Trung,3,2011,5.629052,6.684592,6.511307,5.918511,7.151428,6.854278,,,38.74917,38.74917,,6,6,Cao nhất
29,Quảng Bình,Bắc Trung Bộ và Duyên hải miền Trung,3,2011,6.293084,6.350776,6.570911,6.451807,7.465513,7.21983,,,40.35192,40.35192,,6,1,Cao nhất
30,Quảng Trị,Bắc Trung Bộ và Duyên hải miền Trung,3,2011,5.883188,6.09556,6.984396,5.794321,7.311706,7.040849,,,39.11002,39.11002,,6,5,Cao nhất
31,Thừa Thiên Huế,Bắc Trung Bộ và Duyên hải miền Trung,3,2011,5.276932,5.354371,5.330616,5.706082,6.644399,6.970898,,,35.283295,35.2833,,6,36,TB thấp
32,Đà Nẵng,Bắc Trung Bộ và Duyên hải miền Trung,3,2011,5.278487,5.456141,5.790415,6.083569,7.332107,7.430041,,,37.370758,37.37076,,6,11,Cao nhất
33,Quảng Nam,Bắc Trung Bộ và Duyên hải miền Trung,3,2011,5.329458,5.71666,5.409335,6.291757,6.447381,6.838182,,,36.032772,36.032772,,6,23,TB cao
34,Quảng Ngãi,Bắc Trung Bộ và Duyên hải miền Trung,3,2011,5.048677,5.305767,5.578123,5.353436,6.409153,6.306332,,,34.001488,34.001488,,6,53,Thấp nhất
35,Bình Định,Bắc Trung Bộ và Duyên hải miền Trung,3,2011,5.884237,5.681886,6.004536,6.945232,6.902247,7.013384,,,38.431522,38.431522,,6,7,Cao nhất
36,Phú Yên,Bắc Trung Bộ và Duyên hải miền Trung,3,2011,4.76267,5.019029,5.211934,5.09361,6.578695,6.264314,,,32.930252,32.930252,,6,59,Thấp nhất
37,Khánh Hòa,Bắc Trung Bộ và Duyên hải miền Trung,3,2011,5.353788,5.533273,5.277689,5.263045,6.433857,6.663778,,,34.52543,34.52543,,6,46,TB thấp
38,Ninh Thuận,Bắc Trung Bộ và Duyên hải miền Trung,3,2011,5.06227,4.641479,5.522005,5.131741,7.062998,6.923033,,,34.343525,34.343525,,6,47,TB thấp
39,Bình Thuận,Bắc Trung Bộ và Duyên hải miền Trung,3,2011,4.320866,4.881819,5.43684,5.817658,6.65764,6.482713,,,33.597534,33.597534,,6,56,Thấp nhất
40,Kon Tum,Tây Nguyên,4,2011,5.259974,5.163684,5.63341,5.333369,7.148442,6.737861,,,35.27674,35.276737,,6,37,TB thấp
41,Gia Lai,Tây Nguyên,4,2011,5.474282,6.002263,5.435134,5.65083,7.084662,6.317464,,,35.964638,35.964634,,6,24,TB cao
42,Đắk Lắk,Tây Nguyên,4,2011,5.098397,5.801748,5.532555,5.028733,7.00809,6.572452,,,35.041977,35.041973,,6,42,TB thấp
43,Đắk Nông,Tây Nguyên,4,2011,5.725976,5.892358,5.553295,5.75058,7.1993,5.680825,,,35.802334,35.802334,,6,27,TB cao
44,Lâm Đồng,Tây Nguyên,4,2011,5.251161,4.603978,5.531252,5.025381,7.174689,6.630703,,,34.217163,34.217163,,6,50,Thấp nhất
45,Bình Phước,Đông Nam Bộ,5,2011,5.433785,6.020853,5.847684,5.512823,7.129824,5.919043,,,35.86401,35.864014,,6,25,TB cao
46,Tây Ninh,Đông Nam Bộ,5,2011,4.403107,4.626924,5.189391,5.24101,6.715736,6.366068,,,32.542236,32.542236,,6,60,Thấp nhất
47,Bình Dương,Đông Nam Bộ,5,2011,5.083646,5.475698,5.385574,7.183592,7.146326,6.854453,,,37.129288,37.129288,,6,15,Cao nhất
48,Đồng Nai,Đông Nam Bộ,5,2011,5.457825,5.387383,5.144117,5.865746,7.144776,6.660327,,,35.660175,35.66017,,6,32,TB thấp
49,Bà Rịa - Vũng Tàu,Đông Nam Bộ,5,2011,5.96322,6.849039,5.53126,6.890491,7.427681,7.292699,,,39.95439,39.954388,,6,2,Cao nhất
50,Hồ Chí Minh,Đông Nam Bộ,5,2011,5.143024,6.005712,5.240344,6.147952,7.080636,7.148072,,,36.76574,36.76574,,6,18,TB cao
51,Long An,Đồng bằng sông Cửu Long,6,2011,5.769613,6.149002,6.257419,7.360318,7.185021,7.116402,,,39.837776,39.837776,,6,3,Cao nhất
52,Tiền Giang,Đồng bằng sông Cửu Long,6,2011,5.734218,5.888436,5.78971,6.873276,6.924706,6.459263,,,37.66961,37.66961,,6,10,Cao nhất
53,Bến Tre,Đồng bằng sông Cửu Long,6,2011,5.787479,5.931097,5.121816,6.52783,6.802374,6.955378,,,37.125977,37.125977,,6,16,Cao nhất
54,Trà Vinh,Đồng bằng sông Cửu Long,6,2011,4.687884,4.435356,5.110535,4.924287,6.359602,6.409603,,,31.927267,31.927267,,6,63,Thấp nhất
55,Vĩnh Long,Đồng bằng sông Cửu Long,6,2011,5.242749,5.080515,5.395402,5.997477,7.075324,7.01311,,,35.80458,35.804577,,6,26,TB cao
56,Đồng Tháp,Đồng bằng sông Cửu Long,6,2011,5.182785,5.476338,5.941434,6.760653,7.194096,6.666285,,,37.221592,37.22159,,6,14,Cao nhất
57,An Giang,Đồng bằng sông Cửu Long,6,2011,4.869586,4.958939,4.735237,5.540307,6.467561,6.805312,,,33.37694,33.37694,,6,58,Thấp nhất
58,Kiên Giang,Đồng bằng sông Cửu Long,6,2011,5.09196,4.767159,5.290498,5.737898,6.866744,6.994224,,,34.74848,34.748486,,6,45,TB thấp
59,Cần Thơ,Đồng bằng sông Cửu Long,6,2011,5.716923,5.490738,5.547006,5.951178,6.353442,6.550245,,,35.60953,35.60953,,6,33,TB thấp
60,Hậu Giang,Đồng bằng sông Cửu Long,6,2011,4.969893,4.789634,5.271314,5.765605,6.786561,6.715853,,,34.29886,34.298862,,6,48,Thấp nhất
61,Sóc Trăng,Đồng bằng sông Cửu Long,6,2011,4.899919,4.922166,5.152213,6.944393,6.575285,6.635262,,,35.129234,35.12924,,6,40,TB thấp
62,Bạc Liêu,Đồng bằng sông Cửu Long,6,2011,4.637381,4.674524,5.063324,6.301612,6.858888,6.744656,,,34.280388,34.280388,,6,49,Thấp nhất
63,Cà Mau,Đồng bằng sông Cửu Long,6,2011,4.812378,5.456194,5.180061,6.861135,6.847742,6.320277,,,35.477787,35.477787,,6,35,TB thấp
1,Hà Giang,Trung du và miền núi phía Bắc,1,2012,5.279693,5.664689,5.465209,5.516757,6.674441,6.808666,,,35.409454,35.409454,,6,47,TB thấp
2,Cao Bằng,Trung du và miền núi phía Bắc,1,2012,5.540246,6.279766,5.523517,4.745146,6.864997,6.387956,,,35.34163,35.341625,,6,48,Thấp nhất
3,Bắc Kạn,Trung du và miền núi phía Bắc,1,2012,5.607619,5.774017,6.238062,6.537386,7.113933,6.769415,,,38.040432,38.040432,,6,10,Cao nhất
4,Tuyên Quang,Trung du và miền núi phía Bắc,1,2012,5.039843,5.676058,5.591772,6.09765,6.987677,6.79082,,,36.183823,36.18382,,6,40,TB thấp
5,Lào Cai,Trung du và miền núi phía Bắc,1,2012,5.959269,5.912377,5.987919,5.622889,7.468852,6.518858,,,37.47016,37.47016,,6,19,TB cao
6,Yên Bái,Trung du và miền núi phía Bắc,1,2012,5.504867,5.702175,5.438413,5.070926,7.554765,6.316918,,,35.588066,35.588066,,6,45,TB thấp
7,Thái Nguyên,Trung du và miền núi phía Bắc,1,2012,5.557717,6.042024,5.793701,5.418146,7.020188,6.654637,,,36.486412,36.486412,,6,34,TB thấp
8,Lạng Sơn,Trung du và miền núi phía Bắc,1,2012,5.064154,6.069649,6.30327,6.30878,7.017749,7.002706,,,37.766308,37.766308,,6,14,Cao nhất
9,Bắc Giang,Trung du và miền núi phía Bắc,1,2012,5.736254,5.477664,5.379006,6.254153,6.783223,6.581217,,,36.211517,36.211517,,6,39,TB thấp
10,Phú Thọ,Trung du và miền núi phía Bắc,1,2012,5.915255,6.113678,5.883438,6.431537,7.226393,6.588862,,,38.159164,38.159164,,6,9,Cao nhất
11,Điện Biên,Trung du và miền núi phía Bắc,1,2012,4.589823,5.854285,5.205552,4.238368,7.155191,6.763395,,,33.806614,33.806614,,6,57,Thấp nhất
12,Lai Châu,Trung du và miền núi phía Bắc,1,2012,4.562452,5.313558,5.292583,4.67022,6.362981,6.867343,,,33.069138,33.069138,,6,61,Thấp nhất
13,Sơn La,Trung du và miền núi phía Bắc,1,2012,5.272914,5.901819,6.152543,6.370084,7.067453,6.433158,,,37.19797,37.19797,,6,21,TB cao
14,Hòa Bình,Trung du và miền núi phía Bắc,1,2012,5.550831,5.82835,5.552064,5.851812,6.931631,6.850189,,,36.564877,36.564877,,6,33,TB thấp
15,Hà Nội,Đồng bằng sông Hồng,2,2012,5.506642,6.262991,6.057058,5.178477,6.86754,7.020477,,,36.893185,36.893185,,6,26,TB cao
16,Vĩnh Phúc,Đồng bằng sông Hồng,2,2012,5.457811,5.717434,5.867685,6.135661,7.030745,6.794108,,,37.003445,37.003445,,6,24,TB cao
17,Bắc Ninh,Đồng bằng sông Hồng,2,2012,5.723071,5.11617,5.3582,5.622058,6.577559,6.917044,,,35.314102,35.314102,,6,49,Thấp nhất
18,Quảng Ninh,Đồng bằng sông Hồng,2,2012,5.408504,5.89886,5.979188,5.430783,6.282346,6.509588,,,35.50927,35.509266,,6,46,TB thấp
19,Hải Dương,Đồng bằng sông Hồng,2,2012,5.433835,5.591466,6.776677,5.794068,6.990969,7.143447,,,37.73046,37.73046,,6,15,Cao nhất
20,Hải Phòng,Đồng bằng sông Hồng,2,2012,5.364292,6.136301,5.379041,4.832838,7.316046,7.439088,,,36.467606,36.467606,,6,35,TB thấp
21,Hưng Yên,Đồng bằng sông Hồng,2,2012,5.598649,5.786267,5.868378,5.794444,6.721897,6.815145,,,36.58478,36.584778,,6,32,TB thấp
22,Thái Bình,Đồng bằng sông Hồng,2,2012,6.120409,6.771593,6.96244,6.138117,7.098068,6.882005,,,39.972633,39.972633,,6,2,Cao nhất
23,Hà Nam,Đồng bằng sông Hồng,2,2012,5.988501,6.724512,6.382612,6.490642,7.121209,6.608832,,,39.316307,39.31631,,6,7,Cao nhất
24,Nam Định,Đồng bằng sông Hồng,2,2012,5.399093,6.676195,6.564913,6.2127,7.21166,7.33072,,,39.39528,39.39528,,6,5,Cao nhất
25,Ninh Bình,Đồng bằng sông Hồng,2,2012,4.916965,5.631872,5.460443,6.082438,7.109926,6.778338,,,35.97998,35.979984,,6,41,TB thấp
26,Thanh Hóa,Bắc Trung Bộ và Duyên hải miền Trung,3,2012,5.389802,6.092532,5.629329,5.905036,7.248003,7.025909,,,37.29061,37.29061,,6,20,TB cao
27,Nghệ An,Bắc Trung Bộ và Duyên hải miền Trung,3,2012,5.487162,6.131847,6.150769,5.785789,7.024158,6.553382,,,37.133106,37.13311,,6,22,TB cao
28,Hà Tĩnh,Bắc Trung Bộ và Duyên hải miền Trung,3,2012,5.965005,6.182355,5.999191,5.870663,7.129248,6.545905,,,37.692368,37.692368,,6,16,Cao nhất
29,Quảng Bình,Bắc Trung Bộ và Duyên hải miền Trung,3,2012,5.70824,6.948932,6.886974,6.059259,7.444731,7.572349,,,40.620483,40.620487,,6,1,Cao nhất
30,Quảng Trị,Bắc Trung Bộ và Duyên hải miền Trung,3,2012,5.174848,6.877017,6.417126,6.691759,7.029386,7.155606,,,39.34574,39.34574,,6,6,Cao nhất
31,Thừa Thiên Huế,Bắc Trung Bộ và Duyên hải miền Trung,3,2012,5.148741,5.658504,5.53533,6.115899,7.337197,7.04531,,,36.84098,36.84098,,6,28,TB cao
32,Đà Nẵng,Bắc Trung Bộ và Duyên hải miền Trung,3,2012,5.466084,6.104527,6.035883,6.822308,7.470115,7.650003,,,39.54892,39.54892,,6,4,Cao nhất
33,Quảng Nam,Bắc Trung Bộ và Duyên hải miền Trung,3,2012,5.531788,5.821253,5.686777,6.50798,7.006399,6.955315,,,37.509514,37.509514,,6,17,TB cao
34,Quảng Ngãi,Bắc Trung Bộ và Duyên hải miền Trung,3,2012,5.204063,5.990557,5.747117,5.839599,6.855974,6.586078,,,36.22339,36.22339,,6,38,TB thấp
35,Bình Định,Bắc Trung Bộ và Duyên hải miền Trung,3,2012,6.18833,6.116506,6.300311,6.985969,7.111078,7.110175,,,39.81237,39.81237,,6,3,Cao nhất
36,Phú Yên,Bắc Trung Bộ và Duyên hải miền Trung,3,2012,4.536886,6.0729,5.589923,6.285729,6.634672,6.681214,,,35.801323,35.801323,,6,43,TB thấp
37,Khánh Hòa,Bắc Trung Bộ và Duyên hải miền Trung,3,2012,4.634271,4.980999,4.670515,4.491018,6.426911,6.627596,,,31.83131,31.83131,,6,63,Thấp nhất
38,Ninh Thuận,Bắc Trung Bộ và Duyên hải miền Trung,3,2012,4.986203,5.230573,5.314352,4.707213,6.767073,7.334046,,,34.33946,34.33946,,6,52,Thấp nhất
39,Bình Thuận,Bắc Trung Bộ và Duyên hải miền Trung,3,2012,4.975924,4.582405,5.458621,5.973555,6.87361,6.988561,,,34.852676,34.852676,,6,51,Thấp nhất
40,Kon Tum,Tây Nguyên,4,2012,5.337486,5.68741,5.698249,5.183984,7.414637,6.940522,,,36.262287,36.262287,,6,37,TB thấp
41,Gia Lai,Tây Nguyên,4,2012,5.264595,6.12428,5.857416,6.100203,7.253346,6.268966,,,36.868805,36.868805,,6,27,TB cao
42,Đắk Lắk,Tây Nguyên,4,2012,4.174857,4.92061,5.467312,5.177449,7.022571,6.69382,,,33.45662,33.45662,,6,59,Thấp nhất
43,Đắk Nông,Tây Nguyên,4,2012,5.511321,5.670475,5.74481,5.461699,7.310357,5.953362,,,35.652023,35.652023,,6,44,TB thấp
44,Lâm Đồng,Tây Nguyên,4,2012,5.560361,5.564467,5.603383,5.943358,7.12451,6.993646,,,36.789726,36.789722,,6,29,TB cao
45,Bình Phước,Đông Nam Bộ,5,2012,6.034218,6.551477,6.307601,6.083885,6.896664,6.373647,,,38.24749,38.24749,,6,8,Cao nhất
46,Tây Ninh,Đông Nam Bộ,5,2012,5.115296,5.209766,5.110436,6.036859,6.658721,5.915785,,,34.046864,34.04686,,6,54,Thấp nhất
47,Bình Dương,Đông Nam Bộ,5,2012,5.506535,6.184144,5.427299,6.413208,6.71676,7.242423,,,37.49037,37.49037,,6,18,TB cao
48,Đồng Nai,Đông Nam Bộ,5,2012,4.729096,5.002157,5.135239,5.440953,6.743308,6.92019,,,33.970943,33.97094,,6,55,Thấp nhất
49,Bà Rịa - Vũng Tàu,Đông Nam Bộ,5,2012,5.167522,6.668087,5.716091,6.527493,6.566987,7.269868,,,37.916046,37.916046,,6,13,Cao nhất
50,Hồ Chí Minh,Đông Nam Bộ,5,2012,4.742527,5.798257,5.144074,6.367458,7.075529,7.517297,,,36.64514,36.64514,,6,31,TB cao
51,Long An,Đồng bằng sông Cửu Long,6,2012,4.944427,6.423769,5.756987,6.860387,6.950576,7.008876,,,37.945023,37.945023,,6,12,Cao nhất
52,Tiền Giang,Đồng bằng sông Cửu Long,6,2012,5.327354,5.528656,5.202159,7.176839,7.126012,6.740596,,,37.101616,37.101616,,6,23,TB cao
53,Bến Tre,Đồng bằng sông Cửu Long,6,2012,5.285373,5.805714,5.442789,6.546582,6.917214,6.958375,,,36.956047,36.956047,,6,25,TB cao
54,Trà Vinh,Đồng bằng sông Cửu Long,6,2012,5.330583,4.559778,5.247579,5.70197,6.930822,6.560279,,,34.33101,34.331013,,6,53,Thấp nhất
55,Vĩnh Long,Đồng bằng sông Cửu Long,6,2012,5.380659,5.722248,5.825734,6.557142,7.270749,7.234171,,,37.990704,37.990707,,6,11,Cao nhất
56,Đồng Tháp,Đồng bằng sông Cửu Long,6,2012,4.343835,5.309925,5.624056,6.173401,7.070961,6.673457,,,35.195637,35.195637,,6,50,Thấp nhất
57,An Giang,Đồng bằng sông Cửu Long,6,2012,4.691073,5.076869,5.02952,5.419241,6.538087,6.869814,,,33.624603,33.624603,,6,58,Thấp nhất
58,Kiên Giang,Đồng bằng sông Cửu Long,6,2012,5.011768,4.776906,4.417272,5.146751,6.642651,7.041935,,,33.03728,33.037285,,6,62,Thấp nhất
59,Cần Thơ,Đồng bằng sông Cửu Long,6,2012,5.814761,5.453095,5.652103,6.21728,6.851487,6.766375,,,36.755104,36.755104,,6,30,TB cao
60,Hậu Giang,Đồng bằng sông Cửu Long,6,2012,4.951166,5.546455,5.76894,6.41671,6.810816,6.935107,,,36.429195,36.429195,,6,36,TB thấp
61,Sóc Trăng,Đồng bằng sông Cửu Long,6,2012,4.578633,5.200961,5.916937,7.0054,6.424181,6.74466,,,35.870773,35.870773,,6,42,TB thấp
62,Bạc Liêu,Đồng bằng sông Cửu Long,6,2012,4.542979,4.655468,4.740825,5.621454,6.8063,6.984996,,,33.35202,33.352024,,6,60,Thấp nhất
63,Cà Mau,Đồng bằng sông Cửu Long,6,2012,4.551349,5.046576,5.337072,6.17285,6.578232,6.134304,,,33.82038,33.82038,,6,56,Thấp nhất
1,Hà Giang,Trung du và miền núi phía Bắc,1,2013,5.108392,5.22986,4.967155,5.170728,7.266743,6.471526,,,34.214405,34.214405,,6,60,Thấp nhất
2,Cao Bằng,Trung du và miền núi phía Bắc,1,2013,5.182518,6.02566,5.268156,6.05101,6.601561,6.418707,,,35.54761,35.54761,,6,45,TB thấp
3,Bắc Kạn,Trung du và miền núi phía Bắc,1,2013,5.386935,6.07093,5.583058,6.414939,7.269672,6.6983,,,37.423836,37.423832,,6,24,TB cao
4,Tuyên Quang,Trung du và miền núi phía Bắc,1,2013,5.573787,6.26209,6.032667,6.159425,7.22683,6.78675,,,38.04155,38.04155,,6,13,Cao nhất
5,Lào Cai,Trung du và miền núi phía Bắc,1,2013,5.108504,5.346524,4.821747,5.487986,6.857337,6.775338,,,34.397434,34.397434,,6,59,Thấp nhất
6,Yên Bái,Trung du và miền núi phía Bắc,1,2013,5.709529,6.047609,5.955606,6.315381,7.153278,6.409137,,,37.590538,37.59054,,6,21,TB cao
7,Thái Nguyên,Trung du và miền núi phía Bắc,1,2013,5.571805,6.539973,6.098966,6.073101,6.636068,6.52725,,,37.447163,37.447163,,6,23,TB cao
8,Lạng Sơn,Trung du và miền núi phía Bắc,1,2013,5.43272,6.294604,5.758984,6.39175,6.748682,7.168305,,,37.795044,37.795044,,6,17,TB cao
9,Bắc Giang,Trung du và miền núi phía Bắc,1,2013,4.648251,4.883765,4.627284,4.677617,6.391128,6.559813,,,31.787859,31.787859,,6,63,Thấp nhất
10,Phú Thọ,Trung du và miền núi phía Bắc,1,2013,5.168999,5.826718,5.934596,6.290534,7.080192,6.459391,,,36.76043,36.760433,,6,35,TB thấp
11,Điện Biên,Trung du và miền núi phía Bắc,1,2013,4.67222,5.795008,5.688387,5.97313,7.054165,6.75497,,,35.93788,35.93788,,6,42,TB thấp
12,Lai Châu,Trung du và miền núi phía Bắc,1,2013,4.322599,5.231833,4.938347,4.987067,6.668658,6.753081,,,32.901585,32.901585,,6,62,Thấp nhất
13,Sơn La,Trung du và miền núi phía Bắc,1,2013,5.573081,5.416489,6.172488,6.380521,7.22359,6.352757,,,37.118927,37.118927,,6,30,TB cao
14,Hòa Bình,Trung du và miền núi phía Bắc,1,2013,5.44542,5.900589,6.132254,5.706917,7.24229,7.195291,,,37.62276,37.62276,,6,20,TB cao
15,Hà Nội,Đồng bằng sông Hồng,2,2013,5.45678,6.329407,5.943764,5.640414,6.846432,6.945865,,,37.162663,37.162663,,6,28,TB cao
16,Vĩnh Phúc,Đồng bằng sông Hồng,2,2013,5.264643,5.939771,6.727475,5.706765,7.255759,6.869059,,,37.763474,37.76347,,6,18,TB cao
17,Bắc Ninh,Đồng bằng sông Hồng,2,2013,5.088111,5.849444,6.111093,5.907283,6.74481,7.228134,,,36.928875,36.92888,,6,33,TB thấp
18,Quảng Ninh,Đồng bằng sông Hồng,2,2013,4.54986,5.476605,5.50957,5.349509,6.322154,6.685469,,,33.893166,33.89317,,6,61,Thấp nhất
19,Hải Dương,Đồng bằng sông Hồng,2,2013,5.936472,6.345593,6.830314,6.078991,6.962264,6.862063,,,39.015697,39.015697,,6,7,Cao nhất
20,Hải Phòng,Đồng bằng sông Hồng,2,2013,4.723511,6.061895,5.178742,5.235758,6.846126,7.43018,,,35.47621,35.47621,,6,48,Thấp nhất
21,Hưng Yên,Đồng bằng sông Hồng,2,2013,5.417231,5.998728,5.635862,5.789735,6.67505,7.246616,,,36.76322,36.76322,,6,34,TB thấp
22,Thái Bình,Đồng bằng sông Hồng,2,2013,6.043607,6.354749,7.151485,5.669296,7.211536,6.881163,,,39.311836,39.311836,,6,4,Cao nhất
23,Hà Nam,Đồng bằng sông Hồng,2,2013,5.631222,6.096126,6.113694,5.822727,7.179103,6.312998,,,37.15587,37.15587,,6,29,TB cao
24,Nam Định,Đồng bằng sông Hồng,2,2013,5.024486,6.396187,6.074957,6.267573,7.565309,7.192498,,,38.52101,38.52101,,6,10,Cao nhất
25,Ninh Bình,Đồng bằng sông Hồng,2,2013,5.335857,5.465869,4.987593,5.60833,7.120852,6.701037,,,35.219536,35.219536,,6,51,Thấp nhất
26,Thanh Hóa,Bắc Trung Bộ và Duyên hải miền Trung,3,2013,5.594298,6.606818,5.969592,6.918564,6.725555,6.81645,,,38.63128,38.63128,,6,9,Cao nhất
27,Nghệ An,Bắc Trung Bộ và Duyên hải miền Trung,3,2013,5.205329,5.77254,5.869501,5.766767,7.219819,6.632232,,,36.466187,36.46619,,6,37,TB thấp
28,Hà Tĩnh,Bắc Trung Bộ và Duyên hải miền Trung,3,2013,5.792954,6.250058,6.819525,6.344786,7.514029,6.571324,,,39.292675,39.292675,,6,5,Cao nhất
29,Quảng Bình,Bắc Trung Bộ và Duyên hải miền Trung,3,2013,6.475642,6.873847,6.823332,6.443473,7.569044,7.533407,,,41.718746,41.71875,,6,1,Cao nhất
30,Quảng Trị,Bắc Trung Bộ và Duyên hải miền Trung,3,2013,5.521946,6.570016,6.632721,6.116329,7.789495,7.118277,,,39.748783,39.748783,,6,2,Cao nhất
31,Thừa Thiên Huế,Bắc Trung Bộ và Duyên hải miền Trung,3,2013,5.169472,6.073458,5.280302,5.821513,6.72361,7.288333,,,36.35669,36.35669,,6,38,TB thấp
32,Đà Nẵng,Bắc Trung Bộ và Duyên hải miền Trung,3,2013,5.229287,6.669121,5.941721,6.334148,7.515488,7.374146,,,39.06391,39.06391,,6,6,Cao nhất
33,Quảng Nam,Bắc Trung Bộ và Duyên hải miền Trung,3,2013,5.81443,6.01166,5.843115,6.380849,6.784387,6.966125,,,37.800564,37.800564,,6,16,Cao nhất
34,Quảng Ngãi,Bắc Trung Bộ và Duyên hải miền Trung,3,2013,5.378279,5.774514,5.531539,5.34068,6.248955,6.79537,,,35.069336,35.069336,,6,52,Thấp nhất
35,Bình Định,Bắc Trung Bộ và Duyên hải miền Trung,3,2013,5.594021,6.030983,5.666899,6.501791,7.078212,7.326274,,,38.19818,38.19818,,6,12,Cao nhất
36,Phú Yên,Bắc Trung Bộ và Duyên hải miền Trung,3,2013,5.093759,5.577791,5.83679,6.290004,6.73263,6.610305,,,36.141277,36.141277,,6,41,TB thấp
37,Khánh Hòa,Bắc Trung Bộ và Duyên hải miền Trung,3,2013,4.463257,5.521955,5.590503,6.087518,6.979913,7.158373,,,35.80152,35.80152,,6,43,TB thấp
38,Ninh Thuận,Bắc Trung Bộ và Duyên hải miền Trung,3,2013,4.573864,5.569426,5.627867,5.717951,6.64438,7.189035,,,35.32252,35.32252,,6,50,Thấp nhất
39,Bình Thuận,Bắc Trung Bộ và Duyên hải miền Trung,3,2013,4.493525,5.528231,5.366606,6.195524,7.386457,7.359473,,,36.329815,36.32982,,6,39,TB thấp
40,Kon Tum,Tây Nguyên,4,2013,5.364465,5.301191,5.123622,4.737928,7.056559,6.824399,,,34.408165,34.408165,,6,58,Thấp nhất
41,Gia Lai,Tây Nguyên,4,2013,5.453024,5.857631,5.809501,6.828855,7.179781,6.18372,,,37.312515,37.312515,,6,27,TB cao
42,Đắk Lắk,Tây Nguyên,4,2013,4.72217,5.900704,5.562335,6.253196,7.161703,6.917483,,,36.51759,36.51759,,6,36,TB thấp
43,Đắk Nông,Tây Nguyên,4,2013,5.286704,6.239407,6.035557,5.799385,7.115542,6.471931,,,36.948524,36.948524,,6,32,TB thấp
44,Lâm Đồng,Tây Nguyên,4,2013,5.173715,5.176931,5.163729,5.774553,7.262709,6.93626,,,35.4879,35.4879,,6,47,TB thấp
45,Bình Phước,Đông Nam Bộ,5,2013,5.209824,5.809082,5.608911,5.58458,7.051136,6.119544,,,35.383076,35.383076,,6,49,Thấp nhất
46,Tây Ninh,Đông Nam Bộ,5,2013,4.790494,5.651204,5.157679,6.298645,6.49551,6.496582,,,34.890114,34.890114,,6,54,Thấp nhất
47,Bình Dương,Đông Nam Bộ,5,2013,5.200507,6.134542,5.800822,6.85261,7.006926,7.007874,,,38.00328,38.00328,,6,14,Cao nhất
48,Đồng Nai,Đông Nam Bộ,5,2013,5.483231,5.698238,5.275082,5.53716,6.920859,6.768444,,,35.683014,35.683014,,6,44,TB thấp
49,Bà Rịa - Vũng Tàu,Đông Nam Bộ,5,2013,5.237306,6.354262,5.814311,6.527862,7.056129,7.429646,,,38.419518,38.419518,,6,11,Cao nhất
50,Hồ Chí Minh,Đông Nam Bộ,5,2013,4.792554,6.277695,5.642437,6.306455,7.074094,7.233176,,,37.326412,37.326412,,6,26,TB cao
51,Long An,Đồng bằng sông Cửu Long,6,2013,5.505705,6.003865,6.117835,7.506531,7.425664,7.175954,,,39.73555,39.73555,,6,3,Cao nhất
52,Tiền Giang,Đồng bằng sông Cửu Long,6,2013,5.475101,5.790381,5.753316,7.601068,7.336592,6.689875,,,38.64633,38.646336,,6,8,Cao nhất
53,Bến Tre,Đồng bằng sông Cửu Long,6,2013,5.372809,5.8037,5.809909,6.504875,7.282234,6.881066,,,37.654594,37.654594,,6,19,TB cao
54,Trà Vinh,Đồng bằng sông Cửu Long,6,2013,5.193829,5.963862,5.993282,6.493532,6.419325,6.900395,,,36.964226,36.964226,,6,31,TB cao
55,Vĩnh Long,Đồng bằng sông Cửu Long,6,2013,4.983923,5.719668,5.164208,6.868273,7.050932,7.759428,,,37.546432,37.546432,,6,22,TB cao
56,Đồng Tháp,Đồng bằng sông Cửu Long,6,2013,4.636302,5.02873,5.492524,6.031972,6.732641,6.589362,,,34.51153,34.51153,,6,57,Thấp nhất
57,An Giang,Đồng bằng sông Cửu Long,6,2013,4.792465,5.297317,4.638314,6.535287,6.679251,7.101456,,,35.04409,35.04409,,6,53,Thấp nhất
58,Kiên Giang,Đồng bằng sông Cửu Long,6,2013,4.586549,5.169961,5.35605,6.208075,6.735466,7.459181,,,35.51528,35.51528,,6,46,TB thấp
59,Cần Thơ,Đồng bằng sông Cửu Long,6,2013,5.390443,6.045768,5.168157,7.174639,6.845201,6.752762,,,37.37697,37.37697,,6,25,TB cao
60,Hậu Giang,Đồng bằng sông Cửu Long,6,2013,5.726117,5.556327,6.098305,6.489192,6.89316,7.051122,,,37.814224,37.814224,,6,15,Cao nhất
61,Sóc Trăng,Đồng bằng sông Cửu Long,6,2013,4.621329,5.437511,5.901202,6.953246,6.368151,6.868094,,,36.149532,36.149532,,6,40,TB thấp
62,Bạc Liêu,Đồng bằng sông Cửu Long,6,2013,4.8369,5.239207,4.989858,6.383119,6.370854,6.93742,,,34.75736,34.75736,,6,55,Thấp nhất
63,Cà Mau,Đồng bằng sông Cửu Long,6,2013,4.449255,5.41515,5.505454,6.597187,6.586338,6.024926,,,34.57831,34.57831,,6,56,Thấp nhất
1,Hà Giang,Trung du và miền núi phía Bắc,1,2014,4.344393,4.936464,4.671476,5.319895,6.418913,6.335187,,,32.02633,32.02633,,6,61,Thấp nhất
2,Cao Bằng,Trung du và miền núi phía Bắc,1,2014,4.836926,5.432925,5.216737,5.402818,6.543669,6.400385,,,33.833458,33.833458,,6,59,Thấp nhất
3,Bắc Kạn,Trung du và miền núi phía Bắc,1,2014,5.331256,6.205537,5.481455,6.054775,6.710112,6.804992,,,36.588127,36.588127,,6,28,TB cao
4,Tuyên Quang,Trung du và miền núi phía Bắc,1,2014,5.340539,6.429354,5.965372,6.53689,6.806693,6.77684,,,37.85569,37.85569,,6,14,Cao nhất
5,Lào Cai,Trung du và miền núi phía Bắc,1,2014,5.412144,6.624942,5.532502,5.378219,6.881722,6.786867,,,36.616394,36.616394,,6,26,TB cao
6,Yên Bái,Trung du và miền núi phía Bắc,1,2014,5.193882,6.317038,5.4932,5.394553,7.001187,6.673364,,,36.073223,36.073223,,6,37,TB thấp
7,Thái Nguyên,Trung du và miền núi phía Bắc,1,2014,5.521908,5.819355,5.732812,5.40799,7.166579,6.715886,,,36.364532,36.36453,,6,34,TB thấp
8,Lạng Sơn,Trung du và miền núi phía Bắc,1,2014,4.990617,6.622439,5.856305,6.26675,7.065934,7.106116,,,37.90816,37.90816,,6,13,Cao nhất
9,Bắc Giang,Trung du và miền núi phía Bắc,1,2014,,,,,,,,,,,,0,,
10,Phú Thọ,Trung du và miền núi phía Bắc,1,2014,5.037911,5.785221,6.151046,6.37753,6.981248,6.483455,,,36.81641,36.81641,,6,25,TB cao
11,Điện Biên,Trung du và miền núi phía Bắc,1,2014,4.572456,5.829515,5.31331,4.847033,6.75481,6.656869,,,33.97399,33.97399,,6,58,Thấp nhất
12,Lai Châu,Trung du và miền núi phía Bắc,1,2014,4.576239,4.802773,5.177181,5.613084,6.553261,6.681549,,,33.404087,33.404087,,6,60,Thấp nhất
13,Sơn La,Trung du và miền núi phía Bắc,1,2014,4.789366,5.664955,5.689134,6.026382,6.636449,6.236675,,,35.04296,35.04296,,6,49,Thấp nhất
14,Hòa Bình,Trung du và miền núi phía Bắc,1,2014,5.478205,6.501444,5.940162,6.272914,7.005573,7.033682,,,38.23198,38.23198,,6,9,Cao nhất
15,Hà Nội,Đồng bằng sông Hồng,2,2014,5.306829,6.006218,5.635981,5.229061,6.802405,6.821354,,,35.80185,35.80185,,6,41,TB thấp
16,Vĩnh Phúc,Đồng bằng sông Hồng,2,2014,5.316336,6.009252,6.372838,5.752437,7.24107,6.856871,,,37.548805,37.548805,,6,16,TB cao
17,Bắc Ninh,Đồng bằng sông Hồng,2,2014,5.264646,5.21798,5.504672,5.335624,6.825671,7.10057,,,35.24916,35.249165,,6,46,Thấp nhất
18,Quảng Ninh,Đồng bằng sông Hồng,2,2014,5.348964,5.474033,5.438408,5.622664,6.402996,6.560633,,,34.847694,34.8477,,6,52,Thấp nhất
19,Hải Dương,Đồng bằng sông Hồng,2,2014,5.251472,5.757725,6.065988,5.327963,6.786558,7.02084,,,36.21055,36.21055,,6,36,TB thấp
20,Hải Phòng,Đồng bằng sông Hồng,2,2014,4.754235,6.04161,4.505553,4.916721,7.083448,7.67017,,,34.971737,34.971737,,6,51,Thấp nhất
21,Hưng Yên,Đồng bằng sông Hồng,2,2014,4.903127,5.718697,5.660532,5.987293,6.518282,7.075335,,,35.863266,35.863266,,6,39,TB thấp
22,Thái Bình,Đồng bằng sông Hồng,2,2014,5.681632,6.799665,5.612403,6.299724,6.812218,6.986079,,,38.19172,38.191723,,6,10,Cao nhất
23,Hà Nam,Đồng bằng sông Hồng,2,2014,5.38939,5.740205,6.363427,6.181289,6.708529,6.921676,,,37.304516,37.304516,,6,17,TB cao
24,Nam Định,Đồng bằng sông Hồng,2,2014,5.06412,6.822421,6.294858,6.196775,7.23816,7.266819,,,38.883152,38.883156,,6,5,Cao nhất
25,Ninh Bình,Đồng bằng sông Hồng,2,2014,4.966778,6.13316,5.467748,6.314884,7.130974,6.906337,,,36.91988,36.91988,,6,23,TB cao
26,Thanh Hóa,Bắc Trung Bộ và Duyên hải miền Trung,3,2014,5.283776,5.967282,5.793922,6.136946,6.826482,6.871338,,,36.879745,36.879745,,6,24,TB cao
27,Nghệ An,Bắc Trung Bộ và Duyên hải miền Trung,3,2014,4.989612,6.117757,6.217053,5.536351,7.033844,6.701743,,,36.59636,36.59636,,6,27,TB cao
28,Hà Tĩnh,Bắc Trung Bộ và Duyên hải miền Trung,3,2014,5.669497,5.812871,5.723183,6.472073,7.166885,6.724951,,,37.569458,37.569458,,6,15,Cao nhất
29,Quảng Bình,Bắc Trung Bộ và Duyên hải miền Trung,3,2014,5.266743,6.191833,6.55151,6.642113,7.331928,7.257976,,,39.242104,39.242104,,6,3,Cao nhất
30,Quảng Trị,Bắc Trung Bộ và Duyên hải miền Trung,3,2014,5.893736,6.676156,6.667504,6.509211,6.982222,7.115891,,,39.84472,39.84472,,6,1,Cao nhất
31,Thừa Thiên Huế,Bắc Trung Bộ và Duyên hải miền Trung,3,2014,5.145447,6.018938,5.775127,6.11532,6.67384,7.289992,,,37.018665,37.018665,,6,21,TB cao
32,Đà Nẵng,Bắc Trung Bộ và Duyên hải miền Trung,3,2014,4.832156,6.160239,6.041602,5.633354,7.613504,7.730553,,,38.011406,38.01141,,6,12,Cao nhất
33,Quảng Nam,Bắc Trung Bộ và Duyên hải miền Trung,3,2014,4.982928,5.597957,5.767764,6.540109,6.555966,6.953062,,,36.397785,36.397785,,6,33,TB thấp
34,Quảng Ngãi,Bắc Trung Bộ và Duyên hải miền Trung,3,2014,5.064489,6.653504,6.184994,6.80467,6.756465,7.186755,,,38.65088,38.65088,,6,7,Cao nhất
35,Bình Định,Bắc Trung Bộ và Duyên hải miền Trung,3,2014,5.772822,6.295089,5.929243,6.573321,6.701671,7.347323,,,38.61947,38.61947,,6,8,Cao nhất
36,Phú Yên,Bắc Trung Bộ và Duyên hải miền Trung,3,2014,4.446579,5.178139,5.717823,5.280844,6.428483,7.06979,,,34.12166,34.12166,,6,56,Thấp nhất
37,Khánh Hòa,Bắc Trung Bộ và Duyên hải miền Trung,3,2014,4.640225,5.182248,5.432399,5.334412,6.708451,6.8094,,,34.107136,34.107136,,6,57,Thấp nhất
38,Ninh Thuận,Bắc Trung Bộ và Duyên hải miền Trung,3,2014,3.963161,5.081825,5.038487,6.214525,6.709838,7.353967,,,34.3618,34.3618,,6,54,Thấp nhất
39,Bình Thuận,Bắc Trung Bộ và Duyên hải miền Trung,3,2014,4.673031,5.734916,5.288186,6.226382,7.104673,7.495085,,,36.522274,36.522274,,6,32,TB thấp
40,Kon Tum,Tây Nguyên,4,2014,4.750922,5.408784,5.517918,5.129385,7.021752,6.701216,,,34.529976,34.529976,,6,53,Thấp nhất
41,Gia Lai,Tây Nguyên,4,2014,5.513556,5.345113,5.740736,5.896186,7.307343,6.445019,,,36.24795,36.24795,,6,35,TB thấp
42,Đắk Lắk,Tây Nguyên,4,2014,4.370178,6.393502,5.261272,6.160064,6.847652,6.643153,,,35.67582,35.675823,,6,43,TB thấp
43,Đắk Nông,Tây Nguyên,4,2014,5.635555,6.021757,5.641593,5.99027,7.068642,6.566365,,,36.924183,36.924183,,6,22,TB cao
44,Lâm Đồng,Tây Nguyên,4,2014,5.05987,5.745748,5.61174,6.244159,6.737226,7.12962,,,36.528366,36.528366,,6,31,TB thấp
45,Bình Phước,Đông Nam Bộ,5,2014,4.945031,5.711942,5.27632,5.894135,7.138591,6.009086,,,34.975105,34.975105,,6,50,Thấp nhất
46,Tây Ninh,Đông Nam Bộ,5,2014,4.427047,5.08141,5.780083,6.434372,7.017725,6.348532,,,35.08917,35.08917,,6,48,Thấp nhất
47,Bình Dương,Đông Nam Bộ,5,2014,5.116319,6.117727,5.740925,7.22568,7.051156,7.644472,,,38.89628,38.89628,,6,4,Cao nhất
48,Đồng Nai,Đông Nam Bộ,5,2014,4.748907,5.42009,5.525814,5.442304,7.2722,6.813975,,,35.22329,35.22329,,6,47,Thấp nhất
49,Bà Rịa - Vũng Tàu,Đông Nam Bộ,5,2014,5.56625,6.585437,5.773271,5.74264,6.843654,7.594919,,,38.10617,38.10617,,6,11,Cao nhất
50,Hồ Chí Minh,Đông Nam Bộ,5,2014,4.693834,5.84541,5.782167,6.397514,6.847215,7.536371,,,37.102512,37.102512,,6,20,TB cao
51,Long An,Đồng bằng sông Cửu Long,6,2014,4.935528,6.728463,6.179594,6.669854,7.209657,7.127376,,,38.85047,38.85047,,6,6,Cao nhất
52,Tiền Giang,Đồng bằng sông Cửu Long,6,2014,4.548759,5.388211,5.533657,6.474493,6.939955,6.735062,,,35.620136,35.620136,,6,44,TB thấp
53,Bến Tre,Đồng bằng sông Cửu Long,6,2014,4.551163,5.78615,6.115741,6.454791,6.766984,6.893786,,,36.568615,36.568615,,6,30,TB cao
54,Trà Vinh,Đồng bằng sông Cửu Long,6,2014,4.369359,5.619759,5.805624,6.449008,6.877658,6.700529,,,35.821938,35.821938,,6,40,TB thấp
55,Vĩnh Long,Đồng bằng sông Cửu Long,6,2014,4.775074,6.299161,6.539651,7.272801,6.986482,7.859983,,,39.733154,39.73315,,6,2,Cao nhất
56,Đồng Tháp,Đồng bằng sông Cửu Long,6,2014,,,,,,,,,,,,0,,
57,An Giang,Đồng bằng sông Cửu Long,6,2014,4.756897,5.583562,5.732325,7.017166,6.889343,7.164692,,,37.143986,37.143986,,6,19,TB cao
58,Kiên Giang,Đồng bằng sông Cửu Long,6,2014,4.381222,5.069269,5.701316,5.99188,6.909579,7.262187,,,35.315453,35.315453,,6,45,TB thấp
59,Cần Thơ,Đồng bằng sông Cửu Long,6,2014,4.830733,5.060485,5.102675,5.927576,6.594952,6.707688,,,34.22411,34.22411,,6,55,Thấp nhất
60,Hậu Giang,Đồng bằng sông Cửu Long,6,2014,4.380045,6.064161,5.994379,6.616528,6.77984,6.749629,,,36.58458,36.584583,,6,29,TB cao
61,Sóc Trăng,Đồng bằng sông Cửu Long,6,2014,4.647972,5.447761,5.750111,6.679101,6.425196,6.829839,,,35.779984,35.77998,,6,42,TB thấp
62,Bạc Liêu,Đồng bằng sông Cửu Long,6,2014,4.763083,5.372011,5.628025,6.593053,6.709391,6.942039,,,36.0076,36.0076,,6,38,TB thấp
63,Cà Mau,Đồng bằng sông Cửu Long,6,2014,5.206726,5.795309,5.613258,7.285778,6.814811,6.459076,,,37.174957,37.174957,,6,18,TB cao
1,Hà Giang,Trung du và miền núi phía Bắc,1,2015,3.9248707,5.13803,4.704545,4.756369,6.343087,6.860514,,,31.727417,31.727415,,6,63,Thấp nhất
2,Cao Bằng,Trung du và miền núi phía Bắc,1,2015,4.534447,5.918897,4.811921,5.4041944,6.5094604,6.682748,,,33.861668,33.861668,,6,53,Thấp nhất
3,Bắc Kạn,Trung du và miền núi phía Bắc,1,2015,4.7232246,5.851951,5.311238,5.4839907,6.756352,6.781946,,,34.908703,34.9087,,6,40,TB thấp
4,Tuyên Quang,Trung du và miền núi phía Bắc,1,2015,5.126594,6.1333275,4.9877095,6.1099944,6.9571652,7.23723,,,36.55202,36.55202,,6,19,TB cao
5,Lào Cai,Trung du và miền núi phía Bắc,1,2015,4.497755,5.941654,5.991447,5.1970673,6.9820285,7.1197424,,,35.729694,35.729694,,6,28,TB cao
6,Yên Bái,Trung du và miền núi phía Bắc,1,2015,4.157199,4.9716563,5.546785,4.960602,6.8674397,6.449074,,,32.952755,32.952755,,6,59,Thấp nhất
7,Thái Nguyên,Trung du và miền núi phía Bắc,1,2015,5.3730044,5.956731,5.3787556,5.8787923,7.1828613,6.9674983,,,36.73764,36.73764,,6,15,Cao nhất
8,Lạng Sơn,Trung du và miền núi phía Bắc,1,2015,4.244066,5.672119,5.3342,6.0409584,6.8607745,6.808551,,,34.96067,34.96067,,6,39,TB thấp
9,Bắc Giang,Trung du và miền núi phía Bắc,1,2015,5.405128,5.4085274,5.467936,6.211486,7.0313625,6.894715,,,36.419155,36.419155,,6,21,TB cao
10,Phú Thọ,Trung du và miền núi phía Bắc,1,2015,5.8418474,5.850977,6.946532,6.649048,6.8936787,6.876425,,,39.058506,39.05851,,6,3,Cao nhất
11,Điện Biên,Trung du và miền núi phía Bắc,1,2015,4.6079683,5.848804,5.723064,5.420958,6.735698,6.9214063,,,35.257896,35.2579,,6,35,TB thấp
12,Lai Châu,Trung du và miền núi phía Bắc,1,2015,3.750853,4.892289,5.6162653,5.0420647,7.1164517,6.3366895,,,32.754612,32.754612,,6,61,Thấp nhất
13,Sơn La,Trung du và miền núi phía Bắc,1,2015,4.8075876,5.242597,5.964963,5.8681774,6.763148,6.8625736,,,35.509045,35.50905,,6,31,TB cao
14,Hòa Bình,Trung du và miền núi phía Bắc,1,2015,5.744875,5.520368,5.866659,5.604619,6.882348,7.043001,,,36.661873,36.661873,,6,17,TB cao
15,Hà Nội,Đồng bằng sông Hồng,2,2015,5.054007,5.219942,5.583774,4.993017,6.5303802,6.720777,,,34.1019,34.1019,,6,50,Thấp nhất
16,Vĩnh Phúc,Đồng bằng sông Hồng,2,2015,4.6969733,5.633615,5.296115,6.1173716,6.7067513,7.1152005,,,35.56603,35.56603,,6,30,TB cao
17,Bắc Ninh,Đồng bằng sông Hồng,2,2015,5.744455,5.6572676,6.827278,5.676352,7.506879,7.6277146,,,39.039948,39.039948,,6,4,Cao nhất
18,Quảng Ninh,Đồng bằng sông Hồng,2,2015,5.1979375,5.3263893,5.690183,5.7191944,6.789462,6.682907,,,35.406075,35.406075,,6,32,TB thấp
19,Hải Dương,Đồng bằng sông Hồng,2,2015,5.5158563,5.648189,6.204869,5.940544,7.19122,6.917359,,,37.418037,37.418037,,6,10,Cao nhất
20,Hải Phòng,Đồng bằng sông Hồng,2,2015,4.5056415,5.1745286,4.897899,5.5231595,6.9892573,7.0550795,,,34.145565,34.145565,,6,49,Thấp nhất
21,Hưng Yên,Đồng bằng sông Hồng,2,2015,5.1614995,5.081197,5.590327,5.1308537,6.5897484,7.4928784,,,35.0465,35.046505,,6,37,TB thấp
22,Thái Bình,Đồng bằng sông Hồng,2,2015,5.799447,5.940236,5.972408,5.9635153,6.800124,6.939197,,,37.414925,37.41493,,6,11,Cao nhất
23,Hà Nam,Đồng bằng sông Hồng,2,2015,4.929575,5.769777,5.4224463,5.8423133,6.9245806,6.908318,,,35.797012,35.797012,,6,26,TB cao
24,Nam Định,Đồng bằng sông Hồng,2,2015,5.36307,6.121603,6.5707955,5.8858347,7.179751,7.003803,,,38.124855,38.124855,,6,7,Cao nhất
25,Ninh Bình,Đồng bằng sông Hồng,2,2015,4.9573336,5.481633,5.668358,6.2693233,7.1985097,7.452815,,,37.027973,37.027973,,6,12,Cao nhất
26,Thanh Hóa,Bắc Trung Bộ và Duyên hải miền Trung,3,2015,5.158811,5.9418597,5.7441654,6.415821,7.184585,7.086823,,,37.532066,37.532066,,6,9,Cao nhất
27,Nghệ An,Bắc Trung Bộ và Duyên hải miền Trung,3,2015,5.2892985,5.8993406,6.053118,5.514982,6.914537,6.6873417,,,36.35862,36.35862,,6,22,TB cao
28,Hà Tĩnh,Bắc Trung Bộ và Duyên hải miền Trung,3,2015,6.4440413,7.239541,7.505689,6.6665397,7.30238,7.171611,,,42.329803,42.329803,,6,1,Cao nhất
29,Quảng Bình,Bắc Trung Bộ và Duyên hải miền Trung,3,2015,4.8688583,5.275046,6.140071,5.9395967,7.2056565,7.122945,,,36.552174,36.55217,,6,18,TB cao
30,Quảng Trị,Bắc Trung Bộ và Duyên hải miền Trung,3,2015,5.286868,6.020316,6.4053698,6.6902547,6.7386956,7.024519,,,38.166023,38.166023,,6,6,Cao nhất
31,Thừa Thiên Huế,Bắc Trung Bộ và Duyên hải miền Trung,3,2015,4.879218,5.3956246,5.5822735,6.020263,6.7120843,7.356228,,,35.945694,35.945694,,6,24,TB cao
32,Đà Nẵng,Bắc Trung Bộ và Duyên hải miền Trung,3,2015,5.068375,5.476704,5.8549466,5.5828333,7.175151,7.530273,,,36.688286,36.688286,,6,16,Cao nhất
33,Quảng Nam,Bắc Trung Bộ và Duyên hải miền Trung,3,2015,5.864798,5.544469,5.519557,6.513218,6.418558,6.665182,,,36.525784,36.525784,,6,20,TB cao
34,Quảng Ngãi,Bắc Trung Bộ và Duyên hải miền Trung,3,2015,4.0800033,4.6045647,5.3916345,5.37799,5.8951063,6.411692,,,31.760992,31.760992,,6,62,Thấp nhất
35,Bình Định,Bắc Trung Bộ và Duyên hải miền Trung,3,2015,4.799209,5.645652,5.9411736,6.111479,6.693518,6.901805,,,36.092834,36.092834,,6,23,TB cao
36,Phú Yên,Bắc Trung Bộ và Duyên hải miền Trung,3,2015,4.6376805,5.2144947,5.320215,5.2811084,6.2835417,7.0490794,,,33.786118,33.78612,,6,54,Thấp nhất
37,Khánh Hòa,Bắc Trung Bộ và Duyên hải miền Trung,3,2015,4.469908,4.6951632,5.20008,5.546573,6.540922,6.942085,,,33.39473,33.39473,,6,57,Thấp nhất
38,Ninh Thuận,Bắc Trung Bộ và Duyên hải miền Trung,3,2015,4.430585,4.494574,5.1707416,5.987932,6.4166746,7.371925,,,33.872433,33.872433,,6,52,Thấp nhất
39,Bình Thuận,Bắc Trung Bộ và Duyên hải miền Trung,3,2015,4.7315793,4.706601,5.56927,5.584617,6.941043,7.132246,,,34.665356,34.66536,,6,41,TB thấp
40,Kon Tum,Tây Nguyên,4,2015,4.380566,4.923413,5.751386,5.106947,6.3692856,6.775642,,,33.30724,33.30724,,6,58,Thấp nhất
41,Gia Lai,Tây Nguyên,4,2015,4.839014,5.33186,5.480218,5.466562,6.9015055,6.514363,,,34.533524,34.53352,,6,43,TB thấp
42,Đắk Lắk,Tây Nguyên,4,2015,4.600323,5.2783456,5.4351034,5.0693445,7.02151,7.130829,,,34.535458,34.535458,,6,42,TB thấp
43,Đắk Nông,Tây Nguyên,4,2015,4.8411584,4.9197335,5.013139,5.9404216,6.376288,6.318679,,,33.409416,33.40942,,6,56,Thấp nhất
44,Lâm Đồng,Tây Nguyên,4,2015,4.675669,4.9196987,5.568984,5.2159142,6.759224,7.0733547,,,34.212845,34.212845,,6,48,Thấp nhất
45,Bình Phước,Đông Nam Bộ,5,2015,4.761776,5.6469045,5.6988177,5.672193,7.284407,6.3238826,,,35.387978,35.38798,,6,33,TB thấp
46,Tây Ninh,Đông Nam Bộ,5,2015,4.8388414,4.738324,5.60659,6.5727735,6.8024626,7.1785717,,,35.737564,35.737564,,6,27,TB cao
47,Bình Dương,Đông Nam Bộ,5,2015,4.2307205,5.3868737,4.7971625,4.869082,6.715881,6.865167,,,32.864887,32.864887,,6,60,Thấp nhất
48,Đồng Nai,Đông Nam Bộ,5,2015,4.7773423,5.084137,5.6042843,5.8992586,6.767115,7.502705,,,35.634842,35.634842,,6,29,TB cao
49,Bà Rịa - Vũng Tàu,Đông Nam Bộ,5,2015,4.3737736,5.1840053,5.1717033,5.692946,6.8280635,7.219943,,,34.470436,34.470436,,6,44,TB thấp
50,Hồ Chí Minh,Đông Nam Bộ,5,2015,4.266043,5.4145374,4.9689507,5.1402855,7.049416,7.384117,,,34.22335,34.22335,,6,47,TB thấp
51,Long An,Đồng bằng sông Cửu Long,6,2015,4.9436717,6.2561812,6.0293345,7.02916,7.456484,7.2338924,,,38.948723,38.948723,,6,5,Cao nhất
52,Tiền Giang,Đồng bằng sông Cửu Long,6,2015,4.361555,4.9456677,5.221514,6.1533647,6.9578385,6.4187675,,,34.05871,34.058704,,6,51,Thấp nhất
53,Bến Tre,Đồng bằng sông Cửu Long,6,2015,5.123762,5.816334,5.6560545,6.361141,7.0097065,6.8857,,,36.8527,36.8527,,6,13,Cao nhất
54,Trà Vinh,Đồng bằng sông Cửu Long,6,2015,4.63258,4.803278,5.437135,7.270696,6.6830463,6.425289,,,35.25202,35.252026,,6,36,TB thấp
55,Vĩnh Long,Đồng bằng sông Cửu Long,6,2015,4.5361037,5.4803405,5.7680945,6.5609503,6.6372175,7.755996,,,36.7387,36.738705,,6,14,Cao nhất
56,Đồng Tháp,Đồng bằng sông Cửu Long,6,2015,5.1620774,5.7296906,6.2418013,6.6826997,7.0371127,7.05728,,,37.91066,37.91066,,6,8,Cao nhất
57,An Giang,Đồng bằng sông Cửu Long,6,2015,4.3847084,4.823059,5.2849216,5.8526683,6.6524916,7.2904425,,,34.288292,34.288292,,6,46,TB thấp
58,Kiên Giang,Đồng bằng sông Cửu Long,6,2015,4.6176624,4.8182254,4.8247075,6.4052963,6.529671,7.2478385,,,34.4434,34.4434,,6,45,TB thấp
59,Cần Thơ,Đồng bằng sông Cửu Long,6,2015,5.113498,6.136488,6.2653637,7.2241697,7.386451,7.21817,,,39.344143,39.344143,,6,2,Cao nhất
60,Hậu Giang,Đồng bằng sông Cửu Long,6,2015,4.34862,4.9768915,5.3188615,6.295865,6.1521826,6.6700516,,,33.762474,33.762474,,6,55,Thấp nhất
61,Sóc Trăng,Đồng bằng sông Cửu Long,6,2015,4.8876634,5.230878,5.1611834,6.5903873,6.4417706,6.9579115,,,35.269794,35.269794,,6,34,TB thấp
62,Bạc Liêu,Đồng bằng sông Cửu Long,6,2015,4.715172,4.7790504,5.5404134,6.4003296,6.578458,6.9501348,,,34.96356,34.96356,,6,38,TB thấp
63,Cà Mau,Đồng bằng sông Cửu Long,6,2015,4.6055512,5.497462,5.6770053,6.3989363,6.8319793,6.810348,,,35.82128,35.82128,,6,25,TB cao
1,Hà Giang,Trung du và miền núi phía Bắc,1,2016,5.339402,5.274486,4.403687,5.823136,6.6352673,6.4813995,,,33.957375,33.957375,,6,56,Thấp nhất
2,Cao Bằng,Trung du và miền núi phía Bắc,1,2016,5.207546,5.4993987,4.442169,5.5294614,7.018959,6.6263223,,,34.323856,34.323856,,6,53,Thấp nhất
3,Bắc Kạn,Trung du và miền núi phía Bắc,1,2016,5.35149,5.446347,5.051856,5.8969955,7.186898,6.6783967,,,35.611984,35.611984,,6,35,TB thấp
4,Tuyên Quang,Trung du và miền núi phía Bắc,1,2016,5.584713,5.62771,5.0169773,5.690065,7.3774166,7.259056,,,36.55594,36.55594,,6,24,TB cao
5,Lào Cai,Trung du và miền núi phía Bắc,1,2016,5.7328143,5.8939886,4.894874,5.3356843,6.8313103,7.03404,,,35.72271,35.72271,,6,32,TB thấp
6,Yên Bái,Trung du và miền núi phía Bắc,1,2016,5.4976783,5.1593623,4.8732104,5.164549,7.300868,6.680032,,,34.6757,34.675697,,6,49,Thấp nhất
7,Thái Nguyên,Trung du và miền núi phía Bắc,1,2016,6.178725,6.2296376,5.173735,5.4395337,6.9829993,6.982417,,,36.987045,36.98705,,6,19,TB cao
8,Lạng Sơn,Trung du và miền núi phía Bắc,1,2016,5.0862694,5.1681023,4.723731,5.861181,6.7620716,6.9998784,,,34.601234,34.601234,,6,51,Thấp nhất
9,Bắc Giang,Trung du và miền núi phía Bắc,1,2016,6.3995185,6.342478,4.287098,6.4571605,7.2800803,7.008497,,,37.774834,37.774834,,6,11,Cao nhất
10,Phú Thọ,Trung du và miền núi phía Bắc,1,2016,5.6112394,6.4777436,5.591481,6.6734605,7.3631024,6.8160596,,,38.53309,38.53309,,6,4,Cao nhất
11,Điện Biên,Trung du và miền núi phía Bắc,1,2016,5.54899,6.0494733,4.755337,6.1764064,7.1260214,6.7860684,,,36.4423,36.442295,,6,25,TB cao
12,Lai Châu,Trung du và miền núi phía Bắc,1,2016,5.0910683,5.3691306,4.330191,5.3956456,7.2283025,6.4618206,,,33.87616,33.87616,,6,57,Thấp nhất
13,Sơn La,Trung du và miền núi phía Bắc,1,2016,5.4829307,5.4778695,4.5279355,6.1282315,7.104685,6.8270144,,,35.548668,35.548664,,6,37,TB thấp
14,Hòa Bình,Trung du và miền núi phía Bắc,1,2016,5.7016,5.955574,5.0741835,5.525936,7.0683994,6.936591,,,36.262283,36.262283,,6,28,TB cao
15,Hà Nội,Đồng bằng sông Hồng,2,2016,5.3376985,5.076181,4.2613835,5.2389445,7.0872335,6.80452,,,33.80596,33.80596,,6,58,Thấp nhất
16,Vĩnh Phúc,Đồng bằng sông Hồng,2,2016,5.64086,5.632907,4.1721764,5.8250327,7.155729,6.989588,,,35.416294,35.416294,,6,41,TB thấp
17,Bắc Ninh,Đồng bằng sông Hồng,2,2016,6.720573,6.487867,4.6324744,5.720113,7.0414143,7.426144,,,38.028587,38.028587,,6,9,Cao nhất
18,Quảng Ninh,Đồng bằng sông Hồng,2,2016,4.859046,4.94476,4.924912,4.887998,6.9384775,6.4234233,,,32.978615,32.97862,,6,62,Thấp nhất
19,Hải Dương,Đồng bằng sông Hồng,2,2016,5.944025,6.142077,5.6809435,6.1830707,6.9635463,7.1150866,,,38.028748,38.028748,,6,8,Cao nhất
20,Hải Phòng,Đồng bằng sông Hồng,2,2016,4.9276786,5.410244,5.2965937,4.7956405,7.3031816,7.814068,,,35.547405,35.547405,,6,38,TB thấp
21,Hưng Yên,Đồng bằng sông Hồng,2,2016,6.01601,5.9167514,5.2750115,5.7266946,7.146149,7.375965,,,37.45658,37.45658,,6,15,Cao nhất
22,Thái Bình,Đồng bằng sông Hồng,2,2016,6.2415576,6.290453,4.426697,6.358981,7.017249,7.391198,,,37.726135,37.726135,,6,13,Cao nhất
23,Hà Nam,Đồng bằng sông Hồng,2,2016,5.5255375,5.4860373,5.6727324,6.122704,7.260165,6.9442706,,,37.011444,37.011448,,6,18,TB cao
24,Nam Định,Đồng bằng sông Hồng,2,2016,5.854945,6.3331003,5.9035993,5.676274,7.0963807,6.8997736,,,37.764072,37.764072,,6,12,Cao nhất
25,Ninh Bình,Đồng bằng sông Hồng,2,2016,5.834318,6.3419843,4.87709,6.062039,6.998506,7.297383,,,37.41132,37.41132,,6,16,Cao nhất
26,Thanh Hóa,Bắc Trung Bộ và Duyên hải miền Trung,3,2016,5.4725976,6.0151834,4.357538,6.052792,7.1997466,7.1794825,,,36.27734,36.27734,,6,27,TB cao
27,Nghệ An,Bắc Trung Bộ và Duyên hải miền Trung,3,2016,5.883611,5.343555,4.9810805,5.498677,7.251431,6.612396,,,35.57075,35.570747,,6,36,TB thấp
28,Hà Tĩnh,Bắc Trung Bộ và Duyên hải miền Trung,3,2016,6.8092866,6.1388373,4.905707,6.724648,7.5147123,7.223264,,,39.316456,39.316452,,6,2,Cao nhất
29,Quảng Bình,Bắc Trung Bộ và Duyên hải miền Trung,3,2016,6.1614747,6.2724457,4.9044785,6.283563,7.669574,7.114734,,,38.40627,38.40627,,6,5,Cao nhất
30,Quảng Trị,Bắc Trung Bộ và Duyên hải miền Trung,3,2016,5.965748,6.079281,5.481751,6.55964,7.108556,6.8698883,,,38.064865,38.06486,,6,7,Cao nhất
31,Thừa Thiên Huế,Bắc Trung Bộ và Duyên hải miền Trung,3,2016,5.102559,5.1397104,5.244911,5.6140356,6.7513256,7.485588,,,35.338127,35.338127,,6,42,TB thấp
32,Đà Nẵng,Bắc Trung Bộ và Duyên hải miền Trung,3,2016,5.2748885,6.0238733,5.8166337,6.1004167,7.3365474,8.027691,,,38.58005,38.580048,,6,3,Cao nhất
33,Quảng Nam,Bắc Trung Bộ và Duyên hải miền Trung,3,2016,5.9114714,5.4364357,5.118537,5.916279,6.8168364,6.792438,,,35.991997,35.991997,,6,30,TB cao
34,Quảng Ngãi,Bắc Trung Bộ và Duyên hải miền Trung,3,2016,5.3360357,5.886715,5.966983,5.7429647,7.435493,6.422164,,,36.79035,36.790356,,6,21,TB cao
35,Bình Định,Bắc Trung Bộ và Duyên hải miền Trung,3,2016,5.6006627,6.1059537,4.929651,6.6423373,7.0131693,7.2302284,,,37.522003,37.522003,,6,14,Cao nhất
36,Phú Yên,Bắc Trung Bộ và Duyên hải miền Trung,3,2016,4.6571054,5.605434,4.638539,6.1070256,7.038894,6.6922426,,,34.73924,34.73924,,6,48,Thấp nhất
37,Khánh Hòa,Bắc Trung Bộ và Duyên hải miền Trung,3,2016,4.8322716,4.940207,4.4356003,5.994659,6.9532976,7.0896735,,,34.24571,34.24571,,6,54,Thấp nhất
38,Ninh Thuận,Bắc Trung Bộ và Duyên hải miền Trung,3,2016,5.476952,5.812203,4.694324,6.497758,7.316427,7.42439,,,37.222054,37.222054,,6,17,TB cao
39,Bình Thuận,Bắc Trung Bộ và Duyên hải miền Trung,3,2016,5.020813,5.102129,5.2005186,5.410277,7.071662,6.975567,,,34.780968,34.780968,,6,47,TB thấp
40,Kon Tum,Tây Nguyên,4,2016,5.190382,5.15392,5.414471,5.3664236,6.799055,6.8789277,,,34.80318,34.80318,,6,46,TB thấp
41,Gia Lai,Tây Nguyên,4,2016,5.465195,5.092511,4.85368,5.4397445,6.9588327,6.6510625,,,34.46103,34.461025,,6,52,Thấp nhất
42,Đắk Lắk,Tây Nguyên,4,2016,5.7898936,5.4898615,4.832871,5.5975885,7.1670613,6.775785,,,35.65306,35.653057,,6,33,TB thấp
43,Đắk Nông,Tây Nguyên,4,2016,5.4293094,5.610696,5.2054043,5.935464,6.7764015,6.9283233,,,35.885597,35.885597,,6,31,TB cao
44,Lâm Đồng,Tây Nguyên,4,2016,5.393431,5.32315,5.1655536,5.4956274,6.8010473,7.020598,,,35.19941,35.19941,,6,43,TB thấp
45,Bình Phước,Đông Nam Bộ,5,2016,5.340886,5.941072,4.8150973,5.4913855,7.045962,6.8955564,,,35.52996,35.529957,,6,39,TB thấp
46,Tây Ninh,Đông Nam Bộ,5,2016,5.2463536,5.6106815,5.334735,6.5068007,7.00058,7.163253,,,36.862404,36.862404,,6,20,TB cao
47,Bình Dương,Đông Nam Bộ,5,2016,4.4705215,5.278157,4.4470887,4.312315,6.953768,7.130433,,,32.59228,32.59228,,6,63,Thấp nhất
48,Đồng Nai,Đông Nam Bộ,5,2016,5.0280128,5.6470523,4.24273,5.9102488,7.1839447,6.8499,,,34.86189,34.86189,,6,45,TB thấp
49,Bà Rịa - Vũng Tàu,Đông Nam Bộ,5,2016,4.8800635,5.505141,5.6531134,5.4672737,6.975508,7.816868,,,36.297966,36.297966,,6,26,TB cao
50,Hồ Chí Minh,Đông Nam Bộ,5,2016,4.6999116,5.752261,4.9167833,5.0314865,6.9959,7.509968,,,34.90631,34.90631,,6,44,TB thấp
51,Long An,Đồng bằng sông Cửu Long,6,2016,5.58568,5.846706,4.530453,6.559136,7.233051,6.951138,,,36.706165,36.706165,,6,22,TB cao
52,Tiền Giang,Đồng bằng sông Cửu Long,6,2016,5.0630918,5.8008833,4.9384,6.9926667,7.2512164,6.515361,,,36.56162,36.56162,,6,23,TB cao
53,Bến Tre,Đồng bằng sông Cửu Long,6,2016,5.1398025,5.77529,5.683494,6.977348,7.4566975,7.333324,,,38.36596,38.365955,,6,6,Cao nhất
54,Trà Vinh,Đồng bằng sông Cửu Long,6,2016,4.429068,4.819333,4.413287,6.161191,6.959501,6.842146,,,33.624527,33.624527,,6,59,Thấp nhất
55,Vĩnh Long,Đồng bằng sông Cửu Long,6,2016,5.124632,5.528664,4.520629,6.365924,7.4276443,7.1092863,,,36.07678,36.07678,,6,29,TB cao
56,Đồng Tháp,Đồng bằng sông Cửu Long,6,2016,5.2829986,5.6014543,5.4675093,6.7701883,7.663415,7.0905547,,,37.87612,37.876118,,6,10,Cao nhất
57,An Giang,Đồng bằng sông Cửu Long,6,2016,4.480678,5.6013722,5.039397,5.764218,7.207783,7.5404325,,,35.63388,35.63388,,6,34,TB thấp
58,Kiên Giang,Đồng bằng sông Cửu Long,6,2016,4.5740404,5.057424,4.133784,5.65599,6.7193136,7.056069,,,33.19662,33.19662,,6,61,Thấp nhất
59,Cần Thơ,Đồng bằng sông Cửu Long,6,2016,5.7932796,5.940704,5.6911807,7.1360626,7.4067135,7.6041856,,,39.57213,39.57213,,6,1,Cao nhất
60,Hậu Giang,Đồng bằng sông Cửu Long,6,2016,5.184701,4.958838,4.5695434,6.3993983,6.9626136,6.555203,,,34.630295,34.6303,,6,50,Thấp nhất
61,Sóc Trăng,Đồng bằng sông Cửu Long,6,2016,5.044725,4.8215947,5.213624,5.7544413,7.434506,7.210568,,,35.479458,35.479458,,6,40,TB thấp
62,Bạc Liêu,Đồng bằng sông Cửu Long,6,2016,4.804978,4.8113475,4.564179,5.383426,6.815893,6.959182,,,33.339005,33.339005,,6,60,Thấp nhất
63,Cà Mau,Đồng bằng sông Cửu Long,6,2016,4.6055174,4.812244,5.1097317,6.118039,7.0105705,6.5666065,,,34.22271,34.22271,,6,55,Thấp nhất
1,Hà Giang,Trung du và miền núi phía Bắc,1,2017,5.023411,5.572124,4.596286,5.3025317,6.7935963,6.6843457,,,33.972294,33.972294,,6,61,Thấp nhất
2,Cao Bằng,Trung du và miền núi phía Bắc,1,2017,5.189715,5.7768784,5.4277763,5.958287,6.778187,6.715803,,,35.846645,35.846645,,6,41,TB thấp
3,Bắc Kạn,Trung du và miền núi phía Bắc,1,2017,5.394559,5.2951756,4.3235855,5.6057105,6.8075085,6.9116435,,,34.33818,34.33818,,6,60,Thấp nhất
4,Tuyên Quang,Trung du và miền núi phía Bắc,1,2017,5.688063,6.134406,5.389397,6.1876054,7.039444,7.058143,,,37.49706,37.49706,,6,19,TB cao
5,Lào Cai,Trung du và miền núi phía Bắc,1,2017,5.2122383,5.8755393,5.5622587,6.534048,6.8097196,7.0029593,,,36.996765,36.99676,,6,28,TB cao
6,Yên Bái,Trung du và miền núi phía Bắc,1,2017,5.0248055,5.197022,4.5462627,5.8039093,7.0493875,6.7549973,,,34.37638,34.37638,,6,59,Thấp nhất
7,Thái Nguyên,Trung du và miền núi phía Bắc,1,2017,6.091667,6.204551,5.3253155,5.6799626,7.1632524,7.0636573,,,37.528404,37.528404,,6,17,TB cao
8,Lạng Sơn,Trung du và miền núi phía Bắc,1,2017,5.2383294,5.2783704,4.763943,5.823544,6.9333825,6.9260154,,,34.963585,34.963585,,6,52,Thấp nhất
9,Bắc Giang,Trung du và miền núi phía Bắc,1,2017,6.037317,5.8143945,4.951405,6.1489797,7.16062,7.0558558,,,37.16857,37.16857,,6,26,TB cao
10,Phú Thọ,Trung du và miền núi phía Bắc,1,2017,5.3638897,6.1902943,4.9661884,6.5603867,7.418926,6.782237,,,37.28192,37.28192,,6,23,TB cao
11,Điện Biên,Trung du và miền núi phía Bắc,1,2017,4.9884534,5.627466,5.061373,6.2497144,6.988772,6.868732,,,35.784508,35.784508,,6,43,TB thấp
12,Lai Châu,Trung du và miền núi phía Bắc,1,2017,4.8571234,5.139941,4.097179,5.3236685,6.8888044,6.7898917,,,33.096607,33.096607,,6,63,Thấp nhất
13,Sơn La,Trung du và miền núi phía Bắc,1,2017,5.3504734,5.4559784,5.139862,6.081858,6.935006,6.6668134,,,35.62999,35.62999,,6,47,TB thấp
14,Hòa Bình,Trung du và miền núi phía Bắc,1,2017,5.7976966,5.820069,5.2966647,5.9776564,7.1296177,7.2426734,,,37.264378,37.264378,,6,24,TB cao
15,Hà Nội,Đồng bằng sông Hồng,2,2017,5.2509527,5.265073,4.6120553,5.5218587,6.9653497,7.0160146,,,34.631306,34.6313,,6,56,Thấp nhất
16,Vĩnh Phúc,Đồng bằng sông Hồng,2,2017,5.2778726,5.315242,4.7917547,6.3395157,7.158129,7.002924,,,35.885437,35.885437,,6,38,TB thấp
17,Bắc Ninh,Đồng bằng sông Hồng,2,2017,6.3924975,6.2935047,5.0875106,6.3357835,7.3411646,7.7538533,,,39.204315,39.204315,,6,4,Cao nhất
18,Quảng Ninh,Đồng bằng sông Hồng,2,2017,5.908883,5.8508005,4.8171253,6.282138,7.0307417,6.830081,,,36.719772,36.719772,,6,32,TB thấp
19,Hải Dương,Đồng bằng sông Hồng,2,2017,6.2821693,6.417253,4.9437428,6.613861,7.1751494,7.2960234,,,38.7282,38.7282,,6,6,Cao nhất
20,Hải Phòng,Đồng bằng sông Hồng,2,2017,5.216239,6.111527,5.143568,4.3623953,7.474358,7.4997406,,,35.807827,35.807827,,6,42,TB thấp
21,Hưng Yên,Đồng bằng sông Hồng,2,2017,5.8617816,5.366099,5.0929766,5.1478205,6.9310827,7.462559,,,35.86232,35.86232,,6,40,TB thấp
22,Thái Bình,Đồng bằng sông Hồng,2,2017,6.1174583,5.9232244,5.7401834,6.2424254,7.069336,7.217283,,,38.309914,38.30991,,6,9,Cao nhất
23,Hà Nam,Đồng bằng sông Hồng,2,2017,5.96356,5.6537285,6.078688,5.833863,6.942693,7.106308,,,37.578842,37.578842,,6,16,Cao nhất
24,Nam Định,Đồng bằng sông Hồng,2,2017,5.8115664,6.079891,6.247622,6.505349,7.4731913,7.197215,,,39.314835,39.314835,,6,3,Cao nhất
25,Ninh Bình,Đồng bằng sông Hồng,2,2017,5.6921687,6.2271166,5.191188,6.098135,7.3676715,7.1717224,,,37.748,37.748,,6,13,Cao nhất
26,Thanh Hóa,Bắc Trung Bộ và Duyên hải miền Trung,3,2017,5.299955,5.845718,5.252438,6.5984807,7.2754526,7.0755134,,,37.347557,37.347557,,6,20,TB cao
27,Nghệ An,Bắc Trung Bộ và Duyên hải miền Trung,3,2017,5.633553,5.51083,5.0228086,5.855597,7.0499496,6.6811576,,,35.7539,35.753895,,6,44,TB thấp
28,Hà Tĩnh,Bắc Trung Bộ và Duyên hải miền Trung,3,2017,6.4058723,6.3585777,4.654139,6.5566964,7.1146245,7.10679,,,38.1967,38.196697,,6,12,Cao nhất
29,Quảng Bình,Bắc Trung Bộ và Duyên hải miền Trung,3,2017,5.8081546,6.4712243,5.4180264,7.1504283,7.45398,7.225594,,,39.52741,39.52741,,6,1,Cao nhất
30,Quảng Trị,Bắc Trung Bộ và Duyên hải miền Trung,3,2017,5.614871,5.920826,5.5125103,6.321844,6.8883204,7.3750973,,,37.63347,37.63347,,6,15,Cao nhất
31,Thừa Thiên Huế,Bắc Trung Bộ và Duyên hải miền Trung,3,2017,5.177451,5.4969163,4.7392273,6.212055,7.083101,7.3232775,,,36.03203,36.03203,,6,37,TB thấp
32,Đà Nẵng,Bắc Trung Bộ và Duyên hải miền Trung,3,2017,5.1593437,5.510844,4.7130203,6.9601817,7.4098153,7.4526577,,,37.205864,37.205864,,6,25,TB cao
33,Quảng Nam,Bắc Trung Bộ và Duyên hải miền Trung,3,2017,5.967687,5.4589725,4.980875,6.730583,6.976028,6.9623823,,,37.07653,37.07653,,6,27,TB cao
34,Quảng Ngãi,Bắc Trung Bộ và Duyên hải miền Trung,3,2017,4.938002,5.2649894,5.45475,6.6214805,7.323862,6.64982,,,36.252907,36.252903,,6,35,TB thấp
35,Bình Định,Bắc Trung Bộ và Duyên hải miền Trung,3,2017,5.512038,5.723892,5.3604717,7.1901937,7.251824,7.309239,,,38.347656,38.347656,,6,8,Cao nhất
36,Phú Yên,Bắc Trung Bộ và Duyên hải miền Trung,3,2017,5.0864706,5.518837,5.3034253,6.2321887,7.123087,7.0133843,,,36.277393,36.277393,,6,34,TB thấp
37,Khánh Hòa,Bắc Trung Bộ và Duyên hải miền Trung,3,2017,5.2102385,5.4226327,4.84317,5.975087,6.8942266,7.2300334,,,35.57539,35.57539,,6,48,Thấp nhất
38,Ninh Thuận,Bắc Trung Bộ và Duyên hải miền Trung,3,2017,5.0838747,5.4851584,5.1437683,6.6392865,7.3030343,7.276115,,,36.931236,36.931236,,6,30,TB cao
39,Bình Thuận,Bắc Trung Bộ và Duyên hải miền Trung,3,2017,4.8564897,5.1229534,4.5644717,6.351864,7.064605,6.8817706,,,34.842155,34.842155,,6,54,Thấp nhất
40,Kon Tum,Tây Nguyên,4,2017,5.189234,5.0856133,5.4007015,5.4282017,7.111851,6.902324,,,35.117928,35.117924,,6,50,Thấp nhất
41,Gia Lai,Tây Nguyên,4,2017,5.286696,5.47423,4.2783704,5.710668,6.9934278,6.800269,,,34.543663,34.54366,,6,58,Thấp nhất
42,Đắk Lắk,Tây Nguyên,4,2017,5.2109456,5.169754,4.8155174,5.2028437,7.241484,7.00293,,,34.643475,34.643475,,6,55,Thấp nhất
43,Đắk Nông,Tây Nguyên,4,2017,5.247921,5.60666,4.3973994,5.090811,7.1802754,7.046189,,,34.569256,34.569256,,6,57,Thấp nhất
44,Lâm Đồng,Tây Nguyên,4,2017,5.5804987,5.3327928,4.5118403,5.960229,6.8133774,7.0089784,,,35.207718,35.207718,,6,49,Thấp nhất
45,Bình Phước,Đông Nam Bộ,5,2017,5.2665358,5.928512,5.4349904,5.940689,7.548331,6.877344,,,36.9964,36.9964,,6,29,TB cao
46,Tây Ninh,Đông Nam Bộ,5,2017,4.9217024,5.59101,5.399018,6.8888426,7.38642,7.147477,,,37.334473,37.33447,,6,22,TB cao
47,Bình Dương,Đông Nam Bộ,5,2017,4.333288,5.5402417,5.0460353,4.991746,6.9693356,6.60592,,,33.486565,33.48657,,6,62,Thấp nhất
48,Đồng Nai,Đông Nam Bộ,5,2017,5.294135,5.6916027,5.2103925,6.346078,7.425093,6.932289,,,36.89959,36.89959,,6,31,TB cao
49,Bà Rịa - Vũng Tàu,Đông Nam Bộ,5,2017,5.590673,6.3374257,5.1790395,6.7532754,7.228951,7.825727,,,38.915092,38.91509,,6,5,Cao nhất
50,Hồ Chí Minh,Đông Nam Bộ,5,2017,4.6962433,5.9334536,5.1492996,5.464651,7.0400944,7.59967,,,35.883415,35.88341,,6,39,TB thấp
51,Long An,Đồng bằng sông Cửu Long,6,2017,5.4242687,6.177075,4.926612,7.2251186,7.2634654,7.282765,,,38.299305,38.299305,,6,11,Cao nhất
52,Tiền Giang,Đồng bằng sông Cửu Long,6,2017,4.826642,5.21339,4.719706,6.960179,7.300766,6.618098,,,35.63878,35.63878,,6,46,TB thấp
53,Bến Tre,Đồng bằng sông Cửu Long,6,2017,5.6041965,5.9927115,5.3943195,7.162267,7.692492,7.6707416,,,39.51673,39.516727,,6,2,Cao nhất
54,Trà Vinh,Đồng bằng sông Cửu Long,6,2017,5.2732267,5.2119536,4.4253855,6.7115397,7.427856,7.2823343,,,36.332294,36.332294,,6,33,TB thấp
55,Vĩnh Long,Đồng bằng sông Cửu Long,6,2017,4.9148474,5.4222007,5.559978,6.676583,7.303366,7.78201,,,37.658985,37.658985,,6,14,Cao nhất
56,Đồng Tháp,Đồng bằng sông Cửu Long,6,2017,5.187058,5.801688,5.3449535,6.3205686,7.5994883,7.083149,,,37.336906,37.336906,,6,21,TB cao
57,An Giang,Đồng bằng sông Cửu Long,6,2017,5.2445455,5.8857884,4.5562987,6.9476547,7.263467,7.6142097,,,37.511963,37.511963,,6,18,TB cao
58,Kiên Giang,Đồng bằng sông Cửu Long,6,2017,5.1901116,5.2608933,4.4568653,6.2695003,7.067014,7.46866,,,35.713047,35.713043,,6,45,TB thấp
59,Cần Thơ,Đồng bằng sông Cửu Long,6,2017,5.555419,6.1181445,5.0401144,7.155165,6.952831,7.479682,,,38.301353,38.301353,,6,10,Cao nhất
60,Hậu Giang,Đồng bằng sông Cửu Long,6,2017,4.548573,5.453082,5.4339657,6.61324,7.144798,6.9809933,,,36.174652,36.174652,,6,36,TB thấp
61,Sóc Trăng,Đồng bằng sông Cửu Long,6,2017,4.8028164,4.988208,4.6567154,6.446083,7.15646,7.0535994,,,35.10388,35.10388,,6,51,Thấp nhất
62,Bạc Liêu,Đồng bằng sông Cửu Long,6,2017,5.792016,6.3332014,4.9181743,6.8496947,7.4040184,7.426376,,,38.72348,38.72348,,6,7,Cao nhất
63,Cà Mau,Đồng bằng sông Cửu Long,6,2017,4.6476727,5.3226023,5.169138,6.2611566,7.269046,6.2804766,,,34.950092,34.950092,,6,53,Thấp nhất
1,Hà Giang,Trung du và miền núi phía Bắc,1,2018,5.2612214,5.345124,4.81671,6.161825,7.297372,6.858574,4.56505,3.4226997,43.728577,35.740826,,8,34,TB thấp
2,Cao Bằng,Trung du và miền núi phía Bắc,1,2018,5.3646297,5.294187,5.153909,6.493711,6.954841,6.7258897,4.9154763,3.173345,44.07599,35.98717,,8,31,TB thấp
3,Bắc Kạn,Trung du và miền núi phía Bắc,1,2018,5.301211,5.365598,5.045471,6.445158,7.3954134,7.0030603,4.8864822,2.920166,44.36256,36.555912,,8,29,TB cao
4,Tuyên Quang,Trung du và miền núi phía Bắc,1,2018,5.7795663,5.3748493,5.1394167,6.248112,7.3414636,7.183629,4.3696713,3.472928,44.909637,37.067036,,8,17,TB cao
5,Lào Cai,Trung du và miền núi phía Bắc,1,2018,5.412219,5.4480195,4.8938937,6.376172,7.3253694,7.172312,4.30349,3.441649,44.373123,36.627987,,8,28,TB cao
6,Yên Bái,Trung du và miền núi phía Bắc,1,2018,5.5224695,5.258777,5.018224,6.2632384,7.656323,7.1581316,4.514816,3.40396,44.795937,36.877163,,8,19,TB cao
7,Thái Nguyên,Trung du và miền núi phía Bắc,1,2018,5.8036313,5.9953556,5.601267,6.2075214,7.597583,7.029667,3.656512,3.7644742,45.656013,38.235023,,8,12,Cao nhất
8,Lạng Sơn,Trung du và miền núi phía Bắc,1,2018,5.5416927,5.85091,5.1637855,7.0667734,7.6616025,7.1449084,5.194946,3.4287117,47.05333,38.429672,,8,1,Cao nhất
9,Bắc Giang,Trung du và miền núi phía Bắc,1,2018,5.8393574,5.761758,4.9075227,6.573548,7.7021275,7.3672204,4.8808284,3.801344,46.833706,38.151535,,8,3,Cao nhất
10,Phú Thọ,Trung du và miền núi phía Bắc,1,2018,5.4616904,5.4118423,4.9466443,7.0778785,7.460539,6.86791,4.641976,2.8472629,44.715744,37.226505,,8,20,TB cao
11,Điện Biên,Trung du và miền núi phía Bắc,1,2018,4.9511366,5.398293,4.771644,6.4574394,7.195051,6.9583173,4.8480816,2.8111262,43.39109,35.731884,,8,40,TB thấp
12,Lai Châu,Trung du và miền núi phía Bắc,1,2018,5.261253,5.2312846,4.869429,6.687099,7.53936,7.01059,4.7157726,3.1039598,44.418747,36.59902,,8,26,TB cao
13,Sơn La,Trung du và miền núi phía Bắc,1,2018,5.304954,5.161041,5.1122394,6.5229073,7.4914684,6.9532123,4.492702,2.7409463,43.779472,36.545822,,8,32,TB thấp
14,Hòa Bình,Trung du và miền núi phía Bắc,1,2018,5.875386,5.4192333,4.8547587,6.1347795,7.3205404,7.3127437,3.8900764,3.6572683,44.464783,36.917442,,8,24,TB cao
15,Hà Nội,Đồng bằng sông Hồng,2,2018,5.215618,5.0868897,4.611254,6.0759053,7.4994454,6.9270844,3.5837457,3.3195248,42.319466,35.416195,,8,54,Thấp nhất
16,Vĩnh Phúc,Đồng bằng sông Hồng,2,2018,5.960288,5.1591525,5.0539336,7.0642276,7.463074,6.915986,4.0827556,3.3676116,45.06703,37.61666,,8,16,TB cao
17,Bắc Ninh,Đồng bằng sông Hồng,2,2018,5.6471734,5.515112,5.151428,6.6215405,7.3558803,7.361326,4.498277,3.5865848,45.73732,37.65246,,8,10,Cao nhất
18,Quảng Ninh,Đồng bằng sông Hồng,2,2018,5.855681,,5.104842,,7.9470267,7.4371033,5.9338593,3.704681,,,,6,,
19,Hải Dương,Đồng bằng sông Hồng,2,2018,5.8282595,5.3434095,4.7164474,6.2252855,7.257165,7.169497,4.1951585,3.0221112,43.75733,36.540066,,8,33,TB thấp
20,Hải Phòng,Đồng bằng sông Hồng,2,2018,5.4423413,5.0833945,4.8713813,5.516775,7.4028535,7.135508,3.6964667,3.6517317,42.800453,35.452255,,8,49,Thấp nhất
21,Hưng Yên,Đồng bằng sông Hồng,2,2018,5.6526423,4.966155,4.935389,6.5336914,7.354039,7.339763,3.5364537,3.2623763,43.58051,36.78168,,8,37,TB thấp
22,Thái Bình,Đồng bằng sông Hồng,2,2018,6.1640124,5.7352786,4.959736,6.493348,7.2838254,7.2235928,4.21657,3.045876,45.12224,37.859795,,8,15,Cao nhất
23,Hà Nam,Đồng bằng sông Hồng,2,2018,5.5136604,5.353643,4.83462,5.983913,7.5892944,7.530685,3.5901902,3.1436322,43.53964,36.805817,,8,38,TB thấp
24,Nam Định,Đồng bằng sông Hồng,2,2018,5.4011564,5.631327,4.738866,6.578161,7.4897738,7.445677,4.466456,2.8769922,44.62841,37.284958,,8,22,TB cao
25,Ninh Bình,Đồng bằng sông Hồng,2,2018,5.4699554,5.552429,5.093444,6.9356384,7.568575,7.348954,4.6262784,3.2122903,45.807564,37.968998,,8,9,Cao nhất
26,Thanh Hóa,Bắc Trung Bộ và Duyên hải miền Trung,3,2018,5.572219,5.7021646,5.315747,6.3567877,7.4936395,7.1734505,4.6182957,3.4546044,45.68691,37.614006,,8,11,Cao nhất
27,Nghệ An,Bắc Trung Bộ và Duyên hải miền Trung,3,2018,5.9849777,5.673759,5.4773574,6.5267987,7.5275984,7.2006164,4.4785166,3.7027369,46.57236,38.391106,,8,4,Cao nhất
28,Hà Tĩnh,Bắc Trung Bộ và Duyên hải miền Trung,3,2018,5.9489694,5.6756887,5.5406103,6.6013007,7.625574,6.966876,4.3890533,3.3226278,46.0707,38.35902,,8,7,Cao nhất
29,Quảng Bình,Bắc Trung Bộ và Duyên hải miền Trung,3,2018,5.5649943,5.706756,5.5666184,6.7940664,7.6490245,7.279707,4.7584295,2.9532716,46.27287,38.561165,,8,5,Cao nhất
30,Quảng Trị,Bắc Trung Bộ và Duyên hải miền Trung,3,2018,5.6166453,5.5251265,5.505624,7.3695393,7.1946535,7.0617146,4.7619214,3.0482082,46.08343,38.273304,,8,6,Cao nhất
31,Thừa Thiên Huế,Bắc Trung Bộ và Duyên hải miền Trung,3,2018,4.8522243,5.3997936,4.3841925,6.7560205,7.3711715,7.0012445,4.7884784,2.651918,43.205044,35.76465,,8,43,TB thấp
32,Đà Nẵng,Bắc Trung Bộ và Duyên hải miền Trung,3,2018,5.132694,5.653581,4.551835,6.510013,7.494908,7.676857,4.103612,4.237659,45.361156,37.01989,,8,14,Cao nhất
33,Quảng Nam,Bắc Trung Bộ và Duyên hải miền Trung,3,2018,5.271428,5.049155,4.988571,6.6409926,7.015795,7.0223627,4.681519,2.4653041,43.13513,35.988304,,8,44,TB thấp
34,Quảng Ngãi,Bắc Trung Bộ và Duyên hải miền Trung,3,2018,5.3661017,4.818913,5.024954,6.0792913,7.0476274,6.7190123,4.343534,1.9329165,41.33235,35.0559,,8,60,Thấp nhất
35,Bình Định,Bắc Trung Bộ và Duyên hải miền Trung,3,2018,4.8711963,4.8332014,4.518644,6.2339783,6.8980217,6.935574,4.018246,2.733485,41.042347,34.290615,,8,61,Thấp nhất
36,Phú Yên,Bắc Trung Bộ và Duyên hải miền Trung,3,2018,4.8040733,4.9341483,4.9536524,6.5602417,7.1370206,6.9484525,4.933311,2.1572478,42.42815,35.33759,,8,51,Thấp nhất
37,Khánh Hòa,Bắc Trung Bộ và Duyên hải miền Trung,3,2018,4.40926,4.5930595,4.7045617,6.486958,7.287897,7.4839497,4.4291015,2.7763786,42.171165,34.965683,,8,56,Thấp nhất
38,Ninh Thuận,Bắc Trung Bộ và Duyên hải miền Trung,3,2018,5.3887167,5.3623505,5.01648,6.9124947,7.526826,7.6751633,4.8714085,2.6684034,45.421844,37.88203,,8,13,Cao nhất
39,Bình Thuận,Bắc Trung Bộ và Duyên hải miền Trung,3,2018,5.0531187,4.6362033,4.4818635,6.489845,7.3736024,6.8718596,4.0719886,2.6260457,41.604527,34.90649,,8,59,Thấp nhất
40,Kon Tum,Tây Nguyên,4,2018,5.9416466,5.257798,4.9549127,6.0331044,7.2527494,6.7416797,3.9787755,3.0614696,43.222137,36.181892,,8,42,TB thấp
41,Gia Lai,Tây Nguyên,4,2018,5.135182,5.1950984,4.914514,6.3529105,7.1391964,6.721133,4.196465,3.292768,42.94727,35.458035,,8,47,Thấp nhất
42,Đắk Lắk,Tây Nguyên,4,2018,4.983944,5.104677,4.9816875,5.812615,7.343358,6.975039,4.0568767,3.068577,42.326775,35.20132,,8,53,Thấp nhất
43,Đắk Nông,Tây Nguyên,4,2018,5.540057,5.528627,5.326787,6.6836963,7.391334,6.5805817,4.3573375,3.1791885,44.58761,37.051083,,8,23,TB cao
44,Lâm Đồng,Tây Nguyên,4,2018,5.8363023,5.036633,5.1400194,6.2475705,6.9133224,6.8270345,3.8476717,3.0296078,42.87816,36.00088,,8,48,Thấp nhất
45,Bình Phước,Đông Nam Bộ,5,2018,5.8579693,5.3775945,5.220641,6.2988358,7.419936,6.716058,4.0329304,3.4803953,44.404358,36.891033,,8,27,TB cao
46,Tây Ninh,Đông Nam Bộ,5,2018,4.8815446,4.790761,4.7561316,7.244371,7.5103374,7.012757,4.937291,2.4504466,43.58364,36.195904,,8,36,TB thấp
47,Bình Dương,Đông Nam Bộ,5,2018,5.2771907,5.2321506,4.86449,6.816759,7.43725,6.576927,4.215905,3.0768712,43.497543,36.204765,,8,39,TB thấp
48,Đồng Nai,Đông Nam Bộ,5,2018,5.3148894,4.875576,4.9839873,6.2827144,7.373606,6.806549,4.2611995,3.189402,43.087925,35.63732,,8,45,TB thấp
49,Bà Rịa - Vũng Tàu,Đông Nam Bộ,5,2018,5.150294,5.6262784,5.2029724,6.2511163,7.361154,7.290636,4.217911,3.19465,44.29501,36.882454,,8,30,TB cao
50,Hồ Chí Minh,Đông Nam Bộ,5,2018,4.8357644,5.2285542,4.6568923,5.94626,7.1433673,6.9310093,3.672358,3.9867954,42.401,34.741848,,8,52,Thấp nhất
51,Long An,Đồng bằng sông Cửu Long,6,2018,5.1803474,5.1101003,4.7119064,6.9047866,7.137914,7.12453,4.628319,2.793777,43.591682,36.169586,,8,35,TB thấp
52,Tiền Giang,Đồng bằng sông Cửu Long,6,2018,4.9555583,4.80324,4.314774,7.0905843,7.2107058,6.822501,4.8032503,2.1006835,42.1013,35.197365,,8,57,Thấp nhất
53,Bến Tre,Đồng bằng sông Cửu Long,6,2018,5.210022,5.4954123,5.195479,7.60922,7.7422132,7.3094583,5.4090257,3.0793319,47.050163,38.561806,,8,2,Cao nhất
54,Trà Vinh,Đồng bằng sông Cửu Long,6,2018,4.4739203,4.6518965,4.748123,6.8383055,7.7723317,7.061988,4.8293247,2.6829042,43.058796,35.546566,,8,46,Thấp nhất
55,Vĩnh Long,Đồng bằng sông Cửu Long,6,2018,4.453776,5.0172243,4.69817,7.0104523,7.480531,7.323572,5.7500916,2.9164426,44.65026,35.983727,,8,21,TB cao
56,Đồng Tháp,Đồng bằng sông Cửu Long,6,2018,5.428639,,4.988615,,7.5534015,7.358961,6.7407575,2.7931514,,,,6,,
57,An Giang,Đồng bằng sông Cửu Long,6,2018,4.5598207,5.147236,4.720243,6.932882,7.3311796,7.492236,5.6691055,2.5775774,44.43028,36.183598,,8,25,TB cao
58,Kiên Giang,Đồng bằng sông Cửu Long,6,2018,4.6669364,4.8661394,4.6530433,6.3463616,7.597168,6.881971,4.990159,2.7697268,42.771507,35.01162,,8,50,Thấp nhất
59,Cần Thơ,Đồng bằng sông Cửu Long,6,2018,5.034967,5.5293303,4.811058,6.9845185,7.558934,7.4040966,5.8299284,2.9079435,46.060776,37.322906,,8,8,Cao nhất
60,Hậu Giang,Đồng bằng sông Cửu Long,6,2018,4.519514,4.548412,4.8366737,6.2124853,7.2819915,6.951975,5.6366854,2.0677454,42.05548,34.35105,,8,58,Thấp nhất
61,Sóc Trăng,Đồng bằng sông Cửu Long,6,2018,4.899234,5.022701,4.832991,6.7953577,7.4415507,7.0330615,5.0155597,2.3332195,43.373672,36.024895,,8,41,TB thấp
62,Bạc Liêu,Đồng bằng sông Cửu Long,6,2018,4.799016,4.659213,4.8402057,6.298947,7.39956,7.2724876,4.5778346,2.3989158,42.246178,35.26943,,8,55,Thấp nhất
63,Cà Mau,Đồng bằng sông Cửu Long,6,2018,5.402183,5.0682898,5.1297274,6.7256694,7.5235863,6.7909656,5.094355,3.0740888,44.808865,36.64042,,8,18,TB cao
1,Hà Giang,Trung du và miền núi phía Bắc,1,2019,5.231886,5.4201975,4.7369413,6.050859,7.4015427,7.1155553,3.7877553,2.6738229,42.41856,35.95698,42.41856002807617,8,46,TB thấp
2,Cao Bằng,Trung du và miền núi phía Bắc,1,2019,4.78691,5.6003575,5.1605163,6.5753403,7.240128,6.87104,4.5624933,4.0155606,44.812347,36.23429,44.81234359741211,8,15,Cao nhất
3,Bắc Kạn,Trung du và miền núi phía Bắc,1,2019,5.2390914,5.6339645,4.911627,6.8000374,7.33935,7.338395,3.824947,3.2234232,44.310837,37.262466,44.31083679199219,8,23,TB cao
4,Tuyên Quang,Trung du và miền núi phía Bắc,1,2019,5.2385097,5.5683537,5.0364976,6.418681,7.3736925,7.2572265,3.2028627,2.8747194,42.970543,36.89296,42.970542907714844,8,42,TB thấp
5,Lào Cai,Trung du và miền núi phía Bắc,1,2019,5.3115325,5.459482,4.9799924,6.7648187,7.4607663,7.2844825,3.5739498,4.220036,45.05506,37.261074,45.05506134033203,8,13,Cao nhất
6,Yên Bái,Trung du và miền núi phía Bắc,1,2019,4.7070994,5.4248514,4.8889036,6.0435457,7.4984326,7.553796,3.3489547,2.955501,42.421085,36.116627,42.421085357666016,8,45,TB thấp
7,Thái Nguyên,Trung du và miền núi phía Bắc,1,2019,5.077579,5.6733513,5.0305815,6.3634105,7.28804,6.929737,2.7062154,4.127689,43.1966,36.3627,43.19660568237305,8,39,TB thấp
8,Lạng Sơn,Trung du và miền núi phía Bắc,1,2019,5.0359898,5.481742,4.5728674,6.970947,7.4816217,6.804335,3.5833576,4.1427584,44.07362,36.347504,44.0736198425293,8,24,TB cao
9,Bắc Giang,Trung du và miền núi phía Bắc,1,2019,5.5807457,5.640951,4.981598,7.014714,7.5341363,7.536885,3.8660698,3.8876789,46.042778,38.28903,46.04277801513672,8,4,Cao nhất
10,Phú Thọ,Trung du và miền núi phía Bắc,1,2019,4.9695134,5.480067,5.154221,6.80475,7.630938,7.073691,3.2183542,2.5517023,42.883236,37.113182,42.883235931396484,8,43,TB thấp
11,Điện Biên,Trung du và miền núi phía Bắc,1,2019,4.9902225,5.513007,4.8478384,6.590418,7.020843,7.074982,4.18967,3.501765,43.728745,36.03731,43.72874450683594,8,32,TB thấp
12,Lai Châu,Trung du và miền núi phía Bắc,1,2019,4.739799,5.035653,4.4967847,6.175562,7.5113854,6.942308,3.7382488,3.3301923,41.969933,34.90149,41.969932556152344,8,51,Thấp nhất
13,Sơn La,Trung du và miền núi phía Bắc,1,2019,5.2272964,5.634864,5.3129673,6.882537,7.3421497,7.0749454,3.7292697,3.9040506,45.108078,37.47476,45.10807800292969,8,11,Cao nhất
14,Hòa Bình,Trung du và miền núi phía Bắc,1,2019,5.655644,5.6142187,5.4251204,6.3308797,7.285862,7.1863785,3.0018299,4.5666914,45.066628,37.498104,45.06662368774414,8,12,Cao nhất
15,Hà Nội,Đồng bằng sông Hồng,2,2019,5.0387363,4.986722,4.574366,6.1266904,7.131686,7.0985913,2.717902,3.858327,41.53302,34.95679,41.53302001953125,8,59,Thấp nhất
16,Vĩnh Phúc,Đồng bằng sông Hồng,2,2019,5.4671226,5.23838,4.904878,6.9089155,7.413804,7.0637608,3.2627363,4.261279,44.520874,36.996857,44.5208740234375,8,18,TB cao
17,Bắc Ninh,Đồng bằng sông Hồng,2,2019,5.192006,5.4326787,5.010797,6.06962,7.1949763,7.3817544,3.0088763,2.7893066,42.080017,36.281834,42.08001708984375,8,50,Thấp nhất
18,Quảng Ninh,Đồng bằng sông Hồng,2,2019,5.5327554,6.287517,4.891997,7.638119,7.304557,7.65457,4.7476344,2.6056414,46.66279,39.309517,46.66279220581055,8,3,Cao nhất
19,Hải Dương,Đồng bằng sông Hồng,2,2019,5.5532093,5.8556004,4.9841504,6.8777223,7.3725553,7.393448,3.6322584,4.0742526,45.743195,38.036682,45.743194580078125,8,7,Cao nhất
20,Hải Phòng,Đồng bằng sông Hồng,2,2019,4.8020773,5.01747,4.4208913,5.5390353,7.134956,7.240192,2.9036822,4.477977,41.53628,34.15462,41.53628158569336,8,58,Thấp nhất
21,Hưng Yên,Đồng bằng sông Hồng,2,2019,5.0683413,4.879177,4.521063,6.635493,7.244176,7.351893,2.77252,2.7748747,41.247536,35.700146,41.24753952026367,8,60,Thấp nhất
22,Thái Bình,Đồng bằng sông Hồng,2,2019,5.353066,5.6099186,5.1003003,6.5113378,7.073688,7.3397613,3.277834,3.4347298,43.700638,36.98807,43.70063400268555,8,33,TB thấp
23,Hà Nam,Đồng bằng sông Hồng,2,2019,5.536986,5.8352613,4.897194,7.146556,7.637583,7.4467797,2.7967792,4.158832,45.45597,38.50036,45.455970764160156,8,9,Cao nhất
24,Nam Định,Đồng bằng sông Hồng,2,2019,4.994767,5.7343283,5.0805907,6.8330564,7.3772154,7.343607,3.3311803,3.726864,44.421608,37.363564,44.421607971191406,8,20,TB cao
25,Ninh Bình,Đồng bằng sông Hồng,2,2019,5.2047935,5.334788,5.173438,6.913178,7.2733226,7.364589,3.5850155,3.0676847,43.91681,37.26411,43.91680908203125,8,27,TB cao
26,Thanh Hóa,Bắc Trung Bộ và Duyên hải miền Trung,3,2019,4.91354,5.675524,5.0031366,6.8895164,7.3885646,7.307363,3.7681334,2.9447052,43.89048,37.177643,43.89048385620117,8,28,TB cao
27,Nghệ An,Bắc Trung Bộ và Duyên hải miền Trung,3,2019,5.4305882,5.5361614,5.259203,6.6414485,7.3939753,7.1172233,3.4856684,3.8511438,44.715412,37.378597,44.71541213989258,8,17,TB cao
28,Hà Tĩnh,Bắc Trung Bộ và Duyên hải miền Trung,3,2019,5.806632,5.5856466,5.22389,7.2905235,7.6493115,7.1227,3.6460717,2.4731548,44.79793,38.678703,44.79793167114258,8,16,Cao nhất
29,Quảng Bình,Bắc Trung Bộ và Duyên hải miền Trung,3,2019,5.4005632,5.54742,5.387151,6.9971128,7.312862,7.3675475,3.7388332,4.0898314,45.841324,38.012653,45.8413200378418,8,6,Cao nhất
30,Quảng Trị,Bắc Trung Bộ và Duyên hải miền Trung,3,2019,5.0869465,5.4809804,5.277467,7.0458746,7.310514,7.196302,3.6063464,2.6471672,43.651596,37.398083,43.65159606933594,8,34,TB thấp
31,Thừa Thiên Huế,Bắc Trung Bộ và Duyên hải miền Trung,3,2019,5.243129,5.2947373,5.4627113,6.715848,7.197578,7.522093,4.112331,4.3105273,45.858955,37.436096,45.85895538330078,8,5,Cao nhất
32,Đà Nẵng,Bắc Trung Bộ và Duyên hải miền Trung,3,2019,4.7711077,5.483238,4.777306,6.616257,7.503941,7.8812647,2.9497056,5.002467,44.98529,37.033115,44.985286712646484,8,14,Cao nhất
33,Quảng Nam,Bắc Trung Bộ và Duyên hải miền Trung,3,2019,4.877145,5.477459,5.07477,7.495869,7.1612234,7.428838,3.8691463,2.9473739,44.331825,37.515305,44.331825256347656,8,22,TB cao
34,Quảng Ngãi,Bắc Trung Bộ và Duyên hải miền Trung,3,2019,4.587241,5.0625215,5.594426,6.7214017,6.9715586,6.88206,3.3092084,2.0548673,41.183285,35.81921,41.183284759521484,8,61,Thấp nhất
35,Bình Định,Bắc Trung Bộ và Duyên hải miền Trung,3,2019,4.409139,4.883474,4.962503,6.82863,7.080042,7.134771,3.3807456,2.1571684,40.83647,35.298557,40.83647155761719,8,63,Thấp nhất
36,Phú Yên,Bắc Trung Bộ và Duyên hải miền Trung,3,2019,4.1147523,5.0902085,4.6784387,6.4636836,7.112212,6.909758,3.6332276,3.5792549,41.581535,34.369057,41.58153533935547,8,56,Thấp nhất
37,Khánh Hòa,Bắc Trung Bộ và Duyên hải miền Trung,3,2019,4.541175,4.7515955,4.7933726,6.5083165,6.8429646,7.207334,3.6661549,3.8533113,42.164223,34.644756,42.164222717285156,8,49,Thấp nhất
38,Ninh Thuận,Bắc Trung Bộ và Duyên hải miền Trung,3,2019,5.3127136,5.3011703,4.4862475,7.179521,7.3021307,7.66401,3.7971544,2.2162423,43.25919,37.245792,43.25918960571289,8,37,TB thấp
39,Bình Thuận,Bắc Trung Bộ và Duyên hải miền Trung,3,2019,4.331296,4.7668123,4.619242,6.524255,7.078121,7.0044394,3.4484892,3.8570483,41.629704,34.324165,41.629703521728516,8,55,Thấp nhất
40,Kon Tum,Tây Nguyên,4,2019,4.7366223,4.757194,5.06459,6.0295053,7.1325836,6.9951143,3.2273624,3.9127018,41.855675,34.71561,41.855674743652344,8,53,Thấp nhất
41,Gia Lai,Tây Nguyên,4,2019,5.1060095,5.2909117,4.868423,6.455176,7.127556,6.900671,3.3134336,2.4864223,41.548603,35.74875,41.54860305786133,8,57,Thấp nhất
42,Đắk Lắk,Tây Nguyên,4,2019,4.930151,5.0026097,4.912499,6.169055,7.1061206,7.43981,3.3100493,2.2022848,41.07258,35.56024,41.07257843017578,8,62,Thấp nhất
43,Đắk Nông,Tây Nguyên,4,2019,5.292035,5.2362776,5.1850386,6.341341,7.3242416,6.830148,3.2658157,4.3659997,43.840897,36.20908,43.84089660644531,8,29,TB cao
44,Lâm Đồng,Tây Nguyên,4,2019,4.9944468,5.1025343,4.915015,6.016555,7.0765133,7.303194,3.201312,3.3590176,41.96859,35.408257,41.968589782714844,8,52,Thấp nhất
45,Bình Phước,Đông Nam Bộ,5,2019,4.965172,5.618988,5.0370865,6.284282,7.6373754,6.925518,2.9529972,4.400586,43.822006,36.468422,43.82200622558594,8,30,TB cao
46,Tây Ninh,Đông Nam Bộ,5,2019,4.382629,5.1617413,4.6520596,6.876018,7.3592772,7.310009,3.3376448,3.3035576,42.38294,35.741737,42.3829345703125,8,47,TB thấp
47,Bình Dương,Đông Nam Bộ,5,2019,4.798696,5.6525335,4.5849442,6.8950086,7.257533,7.1917224,3.2774708,4.312928,43.970837,36.380436,43.9708366394043,8,25,TB cao
48,Đồng Nai,Đông Nam Bộ,5,2019,4.8366756,5.3064895,5.144358,7.0796947,7.4383845,7.396944,3.5887887,3.1454012,43.936737,37.202545,43.936737060546875,8,26,TB cao
49,Bà Rịa - Vũng Tàu,Đông Nam Bộ,5,2019,5.3225303,5.780447,5.0502067,6.885181,7.366226,7.726694,3.273459,3.842462,45.247208,38.131287,45.24720764160156,8,10,Cao nhất
50,Hồ Chí Minh,Đông Nam Bộ,5,2019,4.8600597,5.493697,5.0411763,6.3733597,7.391233,7.470026,2.8293378,4.326257,43.785145,36.629555,43.78514862060547,8,31,TB cao
51,Long An,Đồng bằng sông Cửu Long,6,2019,4.481963,5.080887,4.407692,7.096277,7.456077,7.020266,3.4116848,2.746915,41.70176,35.543163,41.70176315307617,8,54,Thấp nhất
52,Tiền Giang,Đồng bằng sông Cửu Long,6,2019,4.6025724,5.0842586,4.5226145,7.0705986,7.6192684,6.8755326,3.60994,3.8267522,43.211536,35.774845,43.2115364074707,8,38,TB thấp
53,Bến Tre,Đồng bằng sông Cửu Long,6,2019,5.576418,5.973018,5.1414704,8.19024,7.6214857,7.4281726,4.3385515,2.4734118,46.742767,39.930805,46.742767333984375,8,1,Cao nhất
54,Trà Vinh,Đồng bằng sông Cửu Long,6,2019,4.2625513,4.922199,4.7069283,7.0627294,7.6668186,7.7847,3.6273327,3.4680994,43.501358,36.405926,43.50135803222656,8,36,TB thấp
55,Vĩnh Long,Đồng bằng sông Cửu Long,6,2019,4.172934,4.787319,4.301317,7.39653,7.585644,7.299444,4.5450907,2.1367254,42.225006,35.54319,42.225006103515625,8,48,Thấp nhất
56,Đồng Tháp,Đồng bằng sông Cửu Long,6,2019,5.2962704,5.785392,4.746342,7.7126904,7.3519216,7.292577,4.9397645,3.5942185,46.719177,38.185192,46.71917724609375,8,2,Cao nhất
57,An Giang,Đồng bằng sông Cửu Long,6,2019,4.22058,5.063473,4.633823,6.786074,7.5842643,7.8017087,4.602064,3.6828005,44.374786,36.089924,44.374786376953125,8,21,TB cao
58,Kiên Giang,Đồng bằng sông Cửu Long,6,2019,4.3547597,4.998237,4.615058,7.238383,7.4293027,7.059217,3.7991378,2.9929142,42.487007,35.694958,42.48701095581055,8,44,TB thấp
59,Cần Thơ,Đồng bằng sông Cửu Long,6,2019,5.1248527,5.7189436,5.022818,7.5405335,7.5868516,7.459598,4.3691363,2.8897567,45.71249,38.453594,45.71249008178711,8,8,Cao nhất
60,Hậu Giang,Đồng bằng sông Cửu Long,6,2019,4.4631,5.0542164,5.1026325,7.1464324,7.405741,6.8474045,4.6850605,3.781651,44.486237,36.019527,44.48624038696289,8,19,TB cao
61,Sóc Trăng,Đồng bằng sông Cửu Long,6,2019,4.3064456,4.9933076,4.8541145,7.1949754,7.404966,6.996302,3.718314,3.5058732,42.974297,35.75011,42.97429656982422,8,41,TB thấp
62,Bạc Liêu,Đồng bằng sông Cửu Long,6,2019,4.4747405,4.7732973,4.8271832,7.1711297,7.076667,7.3927174,4.0325065,3.808698,43.55694,35.715736,43.55693817138672,8,35,TB thấp
63,Cà Mau,Đồng bằng sông Cửu Long,6,2019,4.408034,5.246306,5.2607055,7.423559,7.580477,7.0704226,4.014521,2.0915437,43.09557,36.989502,43.0955696105957,8,40,TB thấp
1,Hà Giang,Trung du và miền núi phía Bắc,1,2020,4.9710565,5.4360085,5.051104,6.4134583,7.610737,6.622369,3.7300086,2.8410738,42.675816,36.104733,42.67581558227539,8,33,TB thấp
2,Cao Bằng,Trung du và miền núi phía Bắc,1,2020,4.891694,5.4994693,5.2553,7.001097,7.420915,6.5185556,4.2242856,2.563226,43.374542,36.587032,43.374542236328125,8,19,TB cao
3,Bắc Kạn,Trung du và miền núi phía Bắc,1,2020,5.2224607,5.591954,4.881578,6.461361,7.2673025,7.008757,3.6760738,2.6134062,42.722893,36.433414,42.72289276123047,8,32,TB thấp
4,Tuyên Quang,Trung du và miền núi phía Bắc,1,2020,5.3114305,5.8487086,4.9191055,7.3405375,7.6375914,7.0515924,3.2917228,2.995355,44.39604,38.108967,44.39604187011719,8,12,Cao nhất
5,Lào Cai,Trung du và miền núi phía Bắc,1,2020,5.149389,5.609092,4.9793715,6.7152677,7.565294,6.741282,3.3571286,2.8337796,42.950607,36.759697,42.95060348510742,8,28,TB cao
6,Yên Bái,Trung du và miền núi phía Bắc,1,2020,4.865743,5.719265,4.8289104,7.032832,7.5987997,6.9220767,3.3197746,2.8258932,43.113297,36.96763,43.11329650878906,8,25,TB cao
7,Thái Nguyên,Trung du và miền núi phía Bắc,1,2020,6.2160964,6.3215227,5.3352556,7.278057,7.656164,7.0304213,3.1708274,3.4628463,46.47119,39.83752,46.47119140625,8,3,Cao nhất
8,Lạng Sơn,Trung du và miền núi phía Bắc,1,2020,4.9207087,5.282996,4.6326284,6.488565,7.4285965,6.9880557,3.6849525,2.9465952,42.3731,35.74155,42.37309646606445,8,37,TB thấp
9,Bắc Giang,Trung du và miền núi phía Bắc,1,2020,5.4794717,5.5091743,5.152683,6.9798326,7.607068,7.131053,3.2698808,3.188019,44.317184,37.859283,44.31718063354492,8,13,Cao nhất
10,Phú Thọ,Trung du và miền núi phía Bắc,1,2020,5.33798,5.3517714,4.6699286,6.9086847,7.482511,6.959284,2.9912245,2.6387,42.340084,36.71016,42.340084075927734,8,38,TB thấp
11,Điện Biên,Trung du và miền núi phía Bắc,1,2020,4.4220757,5.2464023,4.5818033,6.8193555,7.043305,6.7520103,3.9849296,2.2990477,41.14893,34.864952,41.148929595947266,8,52,Thấp nhất
12,Lai Châu,Trung du và miền núi phía Bắc,1,2020,4.352507,5.028605,4.563761,6.3803897,7.262771,7.0640693,3.640889,2.5668218,40.859818,34.652103,40.85981369018555,8,55,Thấp nhất
13,Sơn La,Trung du và miền núi phía Bắc,1,2020,4.8951697,5.351215,4.998858,6.9188986,7.358459,6.538982,3.7482219,2.3442953,42.1541,36.061584,42.15409851074219,8,45,TB thấp
14,Hòa Bình,Trung du và miền núi phía Bắc,1,2020,5.744338,5.8985367,5.1648555,6.788329,7.3323684,7.106466,3.3206668,3.2481432,44.603703,38.034893,44.60370635986328,8,9,Cao nhất
15,Hà Nội,Đồng bằng sông Hồng,2,2020,5.058956,5.2440968,4.811744,6.5982323,7.1692777,6.869726,2.9588141,2.917753,41.6286,35.752033,41.62860107421875,8,48,Thấp nhất
16,Vĩnh Phúc,Đồng bằng sông Hồng,2,2020,5.4980106,5.3912473,4.877308,7.3245225,7.7657943,6.908084,3.209278,2.7916586,43.7659,37.764965,43.76590347290039,8,17,TB cao
17,Bắc Ninh,Đồng bằng sông Hồng,2,2020,5.4233985,5.896754,5.26833,7.1769276,7.643967,7.2789474,3.168129,3.4549477,45.3114,38.688324,45.3114013671875,8,4,Cao nhất
18,Quảng Ninh,Đồng bằng sông Hồng,2,2020,5.8052964,6.4987683,4.79292,8.2857485,7.611497,7.7129946,4.9641237,3.1400342,48.811382,40.707222,48.81138229370117,8,1,Cao nhất
19,Hải Dương,Đồng bằng sông Hồng,2,2020,5.1564364,5.430928,4.855295,7.0677867,7.168906,6.9411654,3.6869733,2.4918914,42.799385,36.620518,42.799381256103516,8,30,TB cao
20,Hải Phòng,Đồng bằng sông Hồng,2,2020,5.2730494,5.460282,4.5746975,6.2621107,7.3221197,7.0094113,3.0956883,3.2957575,42.293118,35.901672,42.29311752319336,8,40,TB thấp
21,Hưng Yên,Đồng bằng sông Hồng,2,2020,5.310807,5.19108,4.721778,6.822654,7.4331636,7.0491858,2.7243633,2.9167843,42.169815,36.528667,42.16981506347656,8,44,TB thấp
22,Thái Bình,Đồng bằng sông Hồng,2,2020,5.2586017,5.508646,5.262738,6.817937,7.321022,6.966863,3.3015625,2.9332848,43.370655,37.135807,43.37065505981445,8,20,TB cao
23,Hà Nam,Đồng bằng sông Hồng,2,2020,5.3656783,5.4541793,5.0220256,6.8761253,7.5158815,7.386456,3.0864546,2.7907546,43.49756,37.620346,43.497554779052734,8,18,TB cao
24,Nam Định,Đồng bằng sông Hồng,2,2020,4.9002714,5.8641486,4.7912374,7.1280074,7.4683213,7.5582857,3.4187543,2.6493003,43.778328,37.71027,43.77832794189453,8,16,Cao nhất
25,Ninh Bình,Đồng bằng sông Hồng,2,2020,5.375581,5.5079207,4.80761,6.323402,7.484035,7.126383,3.358022,3.1036298,43.086586,36.62493,43.08658218383789,8,26,TB cao
26,Thanh Hóa,Bắc Trung Bộ và Duyên hải miền Trung,3,2020,4.841861,5.436214,4.741923,7.1871305,7.36145,7.0172653,3.7901359,2.780492,43.15647,36.585842,43.156471252441406,8,24,TB cao
27,Nghệ An,Bắc Trung Bộ và Duyên hải miền Trung,3,2020,5.0934057,5.5551643,5.368034,6.65402,7.317831,7.217408,3.498088,3.145296,43.849247,37.205864,43.849246978759766,8,15,Cao nhất
28,Hà Tĩnh,Bắc Trung Bộ và Duyên hải miền Trung,3,2020,5.670758,5.7738385,5.414269,7.19535,7.5178046,6.838878,3.5388908,3.0554569,45.005245,38.4109,45.005245208740234,8,5,Cao nhất
29,Quảng Bình,Bắc Trung Bộ và Duyên hải miền Trung,3,2020,5.482902,5.6654873,5.8188105,7.190755,7.262962,6.9291134,3.7645178,2.5940723,44.708622,38.35003,44.7086181640625,8,7,Cao nhất
30,Quảng Trị,Bắc Trung Bộ và Duyên hải miền Trung,3,2020,5.4778795,5.4466734,5.644154,7.4314227,7.226028,7.0752344,3.5182626,2.9459796,44.765633,38.30139,44.76563262939453,8,6,Cao nhất
31,Thừa Thiên Huế,Bắc Trung Bộ và Duyên hải miền Trung,3,2020,5.0397887,5.4676313,5.0312986,7.3227596,7.410264,7.3289857,3.9381175,2.9926183,44.531464,37.600727,44.531463623046875,8,10,Cao nhất
32,Đà Nẵng,Bắc Trung Bộ và Duyên hải miền Trung,3,2020,4.504057,5.0354776,4.598479,6.6911144,7.337477,7.603412,3.1414049,3.6011147,42.512535,35.770016,42.51253890991211,8,35,TB thấp
33,Quảng Nam,Bắc Trung Bộ và Duyên hải miền Trung,3,2020,5.006259,5.1356244,5.046762,7.5625725,7.2671256,7.1573215,3.686715,2.3999527,43.262333,37.175667,43.262332916259766,8,21,TB cao
34,Quảng Ngãi,Bắc Trung Bộ và Duyên hải miền Trung,3,2020,4.301335,4.919604,4.7468343,6.523897,7.1077633,6.342147,3.7767694,2.3730347,40.091385,33.94158,40.09138488769531,8,60,Thấp nhất
35,Bình Định,Bắc Trung Bộ và Duyên hải miền Trung,3,2020,4.696645,5.5209007,4.9327536,7.209213,7.3230023,7.586774,3.5655227,2.414552,43.249363,37.269287,43.24936294555664,8,22,TB cao
36,Phú Yên,Bắc Trung Bộ và Duyên hải miền Trung,3,2020,4.1258054,5.040515,4.812482,6.652956,6.9498076,6.611606,3.6031315,2.3954225,40.191727,34.193172,40.19172668457031,8,59,Thấp nhất
37,Khánh Hòa,Bắc Trung Bộ và Duyên hải miền Trung,3,2020,3.9952388,4.5377483,4.4037023,6.110034,6.848165,7.6574755,3.1883883,2.3998296,39.14058,33.552364,39.14058303833008,8,62,Thấp nhất
38,Ninh Thuận,Bắc Trung Bộ và Duyên hải miền Trung,3,2020,4.8036914,5.138434,4.5949335,6.548174,6.994696,6.888403,3.4469416,2.3307548,40.746025,34.96833,40.746028900146484,8,58,Thấp nhất
39,Bình Thuận,Bắc Trung Bộ và Duyên hải miền Trung,3,2020,4.339516,5.0686965,4.7416897,6.75607,7.4467506,6.8535094,3.2433834,2.528832,40.978447,35.20623,40.97844696044922,8,53,Thấp nhất
40,Kon Tum,Tây Nguyên,4,2020,4.9301786,5.1857786,4.707645,6.0601625,7.264537,7.3927197,3.162185,2.9237514,41.62696,35.541023,41.626956939697266,8,49,Thấp nhất
41,Gia Lai,Tây Nguyên,4,2020,4.850752,5.065265,4.9813933,6.458418,7.1256437,7.2577033,3.495713,2.9618394,42.196728,35.739174,42.19672775268555,8,43,TB thấp
42,Đắk Lắk,Tây Nguyên,4,2020,4.9595766,5.3445783,5.0263596,6.384822,6.998024,6.832202,3.2152264,2.7692215,41.53001,35.545563,41.53001022338867,8,50,Thấp nhất
43,Đắk Nông,Tây Nguyên,4,2020,4.9243245,4.9492226,4.9417863,6.4797063,7.4418,6.705063,3.3022032,2.8863614,41.630466,35.441902,41.63046646118164,8,47,TB thấp
44,Lâm Đồng,Tây Nguyên,4,2020,4.4323373,4.6874013,4.944704,5.7192025,6.7862315,6.768409,2.814338,2.4705632,38.623184,33.338287,38.62318801879883,8,63,Thấp nhất
45,Bình Phước,Đông Nam Bộ,5,2020,4.7534657,5.500287,5.069791,6.752769,7.4110556,6.7041793,3.036399,3.010045,42.23799,36.191547,42.23799133300781,8,42,TB thấp
46,Tây Ninh,Đông Nam Bộ,5,2020,4.5237193,5.058847,4.9315314,6.574064,7.325258,7.066917,3.2465293,2.6139896,41.340855,35.480335,41.34085464477539,8,51,Thấp nhất
47,Bình Dương,Đông Nam Bộ,5,2020,4.2901196,5.088853,4.654321,6.5993104,7.523773,6.741716,3.0662868,2.7980013,40.762383,34.898094,40.76238250732422,8,57,Thấp nhất
48,Đồng Nai,Đông Nam Bộ,5,2020,4.646975,5.2125573,4.973365,6.9168935,7.5219846,6.7061996,3.2511306,3.2754238,42.504528,35.977974,42.5045280456543,8,36,TB thấp
49,Bà Rịa - Vũng Tàu,Đông Nam Bộ,5,2020,5.1675963,5.797926,5.164809,7.073786,7.5526843,7.6308823,3.227034,2.8413098,44.456028,38.387688,44.45602798461914,8,11,Cao nhất
50,Hồ Chí Minh,Đông Nam Bộ,5,2020,4.445312,5.381593,4.8017993,6.36322,7.34072,7.3675265,2.8200788,3.4644237,41.984673,35.700172,41.98467254638672,8,46,TB thấp
51,Long An,Đồng bằng sông Cửu Long,6,2020,4.940986,5.0712442,4.662972,7.632291,7.597248,6.903026,3.2559392,2.6114948,42.6752,36.807766,42.675201416015625,8,34,TB thấp
52,Tiền Giang,Đồng bằng sông Cửu Long,6,2020,4.67471,5.297858,4.921687,7.3457785,7.0968432,7.1269403,3.632621,2.1988254,42.295265,36.463818,42.295265197753906,8,39,TB thấp
53,Bến Tre,Đồng bằng sông Cửu Long,6,2020,4.876657,5.6192026,5.457465,7.8252563,7.6477027,6.740048,3.8756425,2.587312,44.629284,38.166332,44.6292839050293,8,8,Cao nhất
54,Trà Vinh,Đồng bằng sông Cửu Long,6,2020,4.05779,4.696732,4.8672767,7.155414,7.840096,7.339425,3.695969,2.6281195,42.280823,35.956734,42.28082275390625,8,41,TB thấp
55,Vĩnh Long,Đồng bằng sông Cửu Long,6,2020,4.178124,4.871754,4.732712,7.287905,7.3726897,7.1986947,4.527942,3.0296907,43.199512,35.64188,43.19951248168945,8,23,TB cao
56,Đồng Tháp,Đồng bằng sông Cửu Long,6,2020,4.720588,5.905424,5.137749,8.115115,7.7787538,7.4942746,5.201644,2.6075375,46.96109,39.151905,46.96108627319336,8,2,Cao nhất
57,An Giang,Đồng bằng sông Cửu Long,6,2020,4.6169887,5.1142297,4.763311,7.4083457,7.3166614,7.6315722,4.558789,2.4425118,43.85241,36.85111,43.85240936279297,8,14,Cao nhất
58,Kiên Giang,Đồng bằng sông Cửu Long,6,2020,4.2544513,4.8103957,4.84072,6.8731217,7.462462,6.5166893,3.4268847,2.6188393,40.803566,34.75784,40.80356216430664,8,56,Thấp nhất
59,Cần Thơ,Đồng bằng sông Cửu Long,6,2020,4.7111597,5.354885,4.698544,7.1702094,7.092346,6.922475,4.1703396,2.7655382,42.885498,35.94962,42.885498046875,8,29,TB cao
60,Hậu Giang,Đồng bằng sông Cửu Long,6,2020,4.471502,5.181187,4.889072,7.1085043,7.431774,6.9727745,4.40867,2.613167,43.076653,36.054813,43.07665252685547,8,27,TB cao
61,Sóc Trăng,Đồng bằng sông Cửu Long,6,2020,3.9460409,4.4894557,4.3981223,6.986716,7.2303224,6.7348323,3.6005828,2.090393,39.476467,33.78549,39.47646713256836,8,61,Thấp nhất
62,Bạc Liêu,Đồng bằng sông Cửu Long,6,2020,4.266252,4.7717757,4.997962,6.79204,7.1747565,6.906789,3.3777955,2.6263041,40.913673,34.909576,40.913673400878906,8,54,Thấp nhất
63,Cà Mau,Đồng bằng sông Cửu Long,6,2020,4.839168,5.352806,5.005347,7.3638377,7.389522,6.3546667,3.6600175,2.8079402,42.773308,36.305347,42.7733039855957,8,31,TB cao
1,Hà Giang,Trung du và miền núi phía Bắc,1,2021,4.828553,5.3463507,4.290784,6.7591424,7.270274,7.6459603,3.6992476,2.9616,42.801914,36.141068,42.801910400390625,8,24,TB cao
2,Cao Bằng,Trung du và miền núi phía Bắc,1,2021,4.5513988,4.8186817,3.8383384,6.315329,6.8508973,7.2200646,3.5651052,2.0313706,39.191185,33.59471,39.191184997558594,8,58,Thấp nhất
3,Bắc Kạn,Trung du và miền núi phía Bắc,1,2021,4.8581147,5.2077312,4.249258,6.8595734,6.953041,7.7963357,3.6452112,2.5837114,42.152977,35.924053,42.152976989746094,8,34,TB thấp
4,Tuyên Quang,Trung du và miền núi phía Bắc,1,2021,4.937095,5.615067,4.3878036,7.082743,7.1274743,7.7818446,3.7286325,2.7416146,43.402275,36.932026,43.40227508544922,8,20,TB cao
5,Lào Cai,Trung du và miền núi phía Bắc,1,2021,4.363529,5.212774,4.065278,5.955239,7.0879664,7.411563,3.2287142,2.8263392,40.151405,34.09635,40.15140151977539,8,49,Thấp nhất
6,Yên Bái,Trung du và miền núi phía Bắc,1,2021,4.878261,5.1579404,4.5507045,6.925078,7.115136,7.4436717,3.6612244,2.6221478,42.354164,36.070793,42.354164123535156,8,29,TB cao
7,Thái Nguyên,Trung du và miền núi phía Bắc,1,2021,4.9869795,5.442364,4.370432,6.8835626,7.28678,8.026509,3.2368784,3.1288085,43.362312,36.996628,43.36231231689453,8,21,TB cao
8,Lạng Sơn,Trung du và miền núi phía Bắc,1,2021,5.516691,6.0431023,4.5107284,7.538966,7.450134,7.7297854,4.13078,2.9178767,45.838066,38.78941,45.83806228637695,8,4,Cao nhất
9,Bắc Giang,Trung du và miền núi phía Bắc,1,2021,,,,,,,,,,,,0,,
10,Phú Thọ,Trung du và miền núi phía Bắc,1,2021,5.541431,5.841915,4.473189,7.481874,7.3868484,7.8959556,3.645186,3.0768588,45.343258,38.621212,45.343257904052734,8,6,Cao nhất
11,Điện Biên,Trung du và miền núi phía Bắc,1,2021,4.1763105,4.6808653,3.847647,5.417596,7.114062,6.355831,3.6190422,2.0116487,37.223,31.59231,37.22300338745117,8,60,Thấp nhất
12,Lai Châu,Trung du và miền núi phía Bắc,1,2021,4.8745418,5.0398746,4.283369,6.3047686,7.3589582,7.605968,4.012171,2.8560884,42.33574,35.46748,42.33573913574219,8,30,TB cao
13,Sơn La,Trung du và miền núi phía Bắc,1,2021,4.7981677,4.6979375,4.0792193,6.3199034,6.9063487,7.3343825,3.805714,2.2002265,40.1419,34.13596,40.14189910888672,8,50,Thấp nhất
14,Hòa Bình,Trung du và miền núi phía Bắc,1,2021,5.243424,5.3042345,4.4502153,7.546357,7.037456,7.654578,3.8198311,2.4247603,43.480858,37.236267,43.480857849121094,8,19,TB cao
15,Hà Nội,Đồng bằng sông Hồng,2,2021,5.009958,5.933305,4.3292804,7.0757046,7.537196,7.7945337,3.1609225,3.6056507,44.44655,37.679977,44.44655227661133,8,9,Cao nhất
16,Vĩnh Phúc,Đồng bằng sông Hồng,2,2021,4.724463,5.1938562,4.4170184,6.2446437,7.76529,8.1132345,3.022113,3.3437736,42.824394,36.458508,42.82439041137695,8,23,TB cao
17,Bắc Ninh,Đồng bằng sông Hồng,2,2021,,,,,,,,,,,,0,,
18,Quảng Ninh,Đồng bằng sông Hồng,2,2021,,,,,,,,,,,,0,,
19,Hải Dương,Đồng bằng sông Hồng,2,2021,4.8320823,5.452054,4.131691,6.93416,7.341201,7.8020916,3.1385615,3.0591588,42.691,36.49328,42.691001892089844,8,25,TB cao
20,Hải Phòng,Đồng bằng sông Hồng,2,2021,4.9042587,5.4193335,4.4130373,7.4242477,7.46237,7.911259,3.6780975,2.7918983,44.0045,37.534508,44.00450134277344,8,13,Cao nhất
21,Hưng Yên,Đồng bằng sông Hồng,2,2021,5.4033084,5.8592653,4.4186697,7.539984,7.5044274,7.9987307,3.6510477,2.9904537,45.36589,38.724384,45.36588668823242,8,5,Cao nhất
22,Thái Bình,Đồng bằng sông Hồng,2,2021,4.947151,5.777931,4.556941,7.2512574,7.281915,8.237278,3.5574207,2.8318665,44.441765,38.052475,44.4417610168457,8,10,Cao nhất
23,Hà Nam,Đồng bằng sông Hồng,2,2021,4.751139,5.3207664,4.4040713,7.0151153,7.493059,7.4874077,3.501561,3.3123398,43.28546,36.471558,43.28546142578125,8,22,TB cao
24,Nam Định,Đồng bằng sông Hồng,2,2021,5.239977,5.6737924,4.278722,6.998086,7.418851,7.9145365,3.6153455,2.6731946,43.812504,37.523964,43.812503814697266,8,16,TB cao
25,Ninh Bình,Đồng bằng sông Hồng,2,2021,5.2509146,5.7129564,4.552003,6.706538,7.631076,7.991006,3.5148315,3.3232822,44.68261,37.844494,44.68260955810547,8,8,Cao nhất
26,Thanh Hóa,Bắc Trung Bộ và Duyên hải miền Trung,3,2021,5.8547525,6.203393,4.559696,7.8096395,7.2988462,8.06987,4.1388035,3.1665866,47.101585,39.796196,47.101585388183594,8,3,Cao nhất
27,Nghệ An,Bắc Trung Bộ và Duyên hải miền Trung,3,2021,4.827044,5.4451776,4.4691744,7.14741,7.2537136,7.732643,3.7618904,3.1842759,43.821327,36.87516,43.821327209472656,8,15,Cao nhất
28,Hà Tĩnh,Bắc Trung Bộ và Duyên hải miền Trung,3,2021,5.0691776,5.673702,4.696999,7.217305,7.4113536,8.222785,3.9970891,2.8472047,45.135616,38.291325,45.135616302490234,8,7,Cao nhất
29,Quảng Bình,Bắc Trung Bộ và Duyên hải miền Trung,3,2021,4.8587193,5.426232,4.5512986,7.123805,7.0268564,7.9883504,3.7692769,2.8197603,43.5643,36.97526,43.564300537109375,8,17,TB cao
30,Quảng Trị,Bắc Trung Bộ và Duyên hải miền Trung,3,2021,4.968943,5.0528555,4.4140368,6.6127353,7.272517,7.6286564,3.584078,2.8590672,42.39289,35.949745,42.39289093017578,8,28,TB cao
31,Thừa Thiên Huế,Bắc Trung Bộ và Duyên hải miền Trung,3,2021,5.474793,6.203034,4.575134,7.7719407,7.7414727,8.464082,4.4594903,3.3691342,48.059082,40.230453,48.05908203125,8,1,Cao nhất
32,Đà Nẵng,Bắc Trung Bộ và Duyên hải miền Trung,3,2021,4.0646367,5.0612116,4.27484,6.7814984,7.32516,8.254243,3.2318265,3.5633752,42.556793,35.76159,42.556793212890625,8,26,TB cao
33,Quảng Nam,Bắc Trung Bộ và Duyên hải miền Trung,3,2021,4.475978,5.0509453,4.2188816,6.8320456,6.9306164,8.120396,3.5319571,2.9447625,42.105583,35.62886,42.10558319091797,8,35,TB thấp
34,Quảng Ngãi,Bắc Trung Bộ và Duyên hải miền Trung,3,2021,4.148352,4.843281,3.9801013,6.6091995,7.203342,7.850803,3.3696363,2.9754007,40.980114,34.63508,40.9801139831543,8,43,TB thấp
35,Bình Định,Bắc Trung Bộ và Duyên hải miền Trung,3,2021,4.6210093,4.913069,4.161021,6.7946644,6.964274,7.9143877,3.6258605,2.949787,41.944077,35.368427,41.94407272338867,8,37,TB thấp
36,Phú Yên,Bắc Trung Bộ và Duyên hải miền Trung,3,2021,4.598294,4.912117,3.9154031,6.909962,6.7486777,7.5450277,3.490063,2.6015573,40.7211,34.629482,40.72110366821289,8,45,TB thấp
37,Khánh Hòa,Bắc Trung Bộ và Duyên hải miền Trung,3,2021,4.212634,5.138382,4.302859,6.5458803,7.107635,7.9986234,3.28121,3.101481,41.688705,35.306015,41.68870544433594,8,40,TB thấp
38,Ninh Thuận,Bắc Trung Bộ và Duyên hải miền Trung,3,2021,5.399367,5.459223,4.383095,7.1845264,7.110557,8.091329,3.5558372,2.6462743,43.830208,37.628098,43.83020782470703,8,14,Cao nhất
39,Bình Thuận,Bắc Trung Bộ và Duyên hải miền Trung,3,2021,5.3842273,5.5223136,4.409776,7.398937,6.969429,7.861856,3.517399,3.0868769,44.150818,37.54654,44.150814056396484,8,12,Cao nhất
40,Kon Tum,Tây Nguyên,4,2021,4.4922457,4.751843,4.0950155,6.1835027,6.853758,7.558484,3.3101256,2.650117,39.895092,33.93485,39.89509201049805,8,54,Thấp nhất
41,Gia Lai,Tây Nguyên,4,2021,4.641828,4.845465,4.177654,5.9359703,6.902143,7.5284486,3.2338543,2.6842804,39.949646,34.03151,39.949642181396484,8,53,Thấp nhất
42,Đắk Lắk,Tây Nguyên,4,2021,5.195371,5.0037494,4.162799,6.5792246,6.8011007,7.508105,3.2186234,3.0548048,41.523777,35.25035,41.52377700805664,8,41,TB thấp
43,Đắk Nông,Tây Nguyên,4,2021,5.1745076,4.5333896,4.041434,6.267965,6.9214606,7.1432843,3.3211548,2.6412377,40.044434,34.082043,40.04443359375,8,51,Thấp nhất
44,Lâm Đồng,Tây Nguyên,4,2021,5.379495,5.256763,4.4427004,6.6340127,7.327093,7.6529603,3.3039534,3.541975,43.53895,36.693024,43.5389518737793,8,18,TB cao
45,Bình Phước,Đông Nam Bộ,5,2021,4.411292,4.832171,4.1748543,6.4346576,7.1269107,7.2613235,2.8865511,3.2657793,40.39354,34.24121,40.39353942871094,8,48,Thấp nhất
46,Tây Ninh,Đông Nam Bộ,5,2021,4.2210884,5.5393744,4.20038,7.2165904,7.0099316,7.778818,3.4743018,2.7625575,42.20304,35.966183,42.203041076660156,8,31,TB thấp
47,Bình Dương,Đông Nam Bộ,5,2021,5.2846684,6.2513657,4.722081,8.145935,7.630614,8.0726,3.6744845,3.3960106,47.177757,40.107265,47.177757263183594,8,2,Cao nhất
48,Đồng Nai,Đông Nam Bộ,5,2021,4.3984976,4.8697653,4.4552164,6.342662,7.1587014,7.5879884,2.852592,3.2878704,40.953293,34.81283,40.95329284667969,8,44,TB thấp
49,Bà Rịa - Vũng Tàu,Đông Nam Bộ,5,2021,4.2733283,5.0351133,4.244712,6.463179,6.7470036,8.002286,3.0818236,2.767201,40.614647,34.76562,40.614646911621094,8,47,Thấp nhất
50,Hồ Chí Minh,Đông Nam Bộ,5,2021,4.056292,4.9882402,4.3232875,6.327058,6.903551,7.750569,2.8950808,3.4324625,40.67654,34.349,40.67654037475586,8,46,Thấp nhất
51,Long An,Đồng bằng sông Cửu Long,6,2021,4.281629,5.061369,4.168078,7.2308707,7.2438297,7.731295,3.443275,2.9448638,42.10521,35.71707,42.10520935058594,8,36,TB thấp
52,Tiền Giang,Đồng bằng sông Cửu Long,6,2021,3.8932977,4.2873087,4.0731263,6.347612,6.642057,7.509451,3.700339,2.6367412,39.089935,32.752853,39.08993148803711,8,59,Thấp nhất
53,Bến Tre,Đồng bằng sông Cửu Long,6,2021,4.304595,4.4617634,4.1022544,6.539801,6.9871016,7.193952,3.3660355,2.633095,39.588596,33.589466,39.58859634399414,8,56,Thấp nhất
54,Trà Vinh,Đồng bằng sông Cửu Long,6,2021,3.7985594,4.6552725,3.9839354,6.462537,7.161147,7.9597774,3.223779,2.5668387,39.811844,34.02123,39.81184768676758,8,55,Thấp nhất
55,Vĩnh Long,Đồng bằng sông Cửu Long,6,2021,4.2381067,4.73575,4.0621343,6.8207912,7.068092,8.181203,4.107812,2.618895,41.832783,35.10608,41.83278274536133,8,38,TB thấp
56,Đồng Tháp,Đồng bằng sông Cửu Long,6,2021,4.569449,4.851093,4.3217683,6.765607,7.1116576,7.552948,4.725552,2.534279,42.432358,35.172523,42.43235397338867,8,27,TB cao
57,An Giang,Đồng bằng sông Cửu Long,6,2021,4.0325823,5.054715,3.9490097,7.2549243,7.24958,7.8649516,4.2636175,2.5328755,42.202255,35.40576,42.20225524902344,8,32,TB thấp
58,Kiên Giang,Đồng bằng sông Cửu Long,6,2021,3.9123547,4.1975503,4.0941415,6.62472,7.0236063,7.340764,3.8347208,2.4954894,39.523346,33.193134,39.523345947265625,8,57,Thấp nhất
59,Cần Thơ,Đồng bằng sông Cửu Long,6,2021,4.2126856,4.595232,4.1024876,6.7707925,7.104716,7.5495057,4.2730885,2.6217568,41.230263,34.33542,41.23026657104492,8,42,TB thấp
60,Hậu Giang,Đồng bằng sông Cửu Long,6,2021,4.1823034,4.755714,4.4594665,6.9339914,7.133216,7.485961,4.452556,2.7607954,42.164,34.950653,42.16400146484375,8,33,TB thấp
61,Sóc Trăng,Đồng bằng sông Cửu Long,6,2021,4.2746825,4.4910293,3.9780552,6.7462654,7.428082,7.55107,3.381259,2.1856368,40.03608,34.469185,40.03607940673828,8,52,Thấp nhất
62,Bạc Liêu,Đồng bằng sông Cửu Long,6,2021,4.5627656,5.540299,4.5886292,7.4614635,7.395624,8.023664,3.6652265,3.0891075,44.32678,37.57245,44.3267822265625,8,11,Cao nhất
63,Cà Mau,Đồng bằng sông Cửu Long,6,2021,4.3341017,5.1413074,4.589245,6.347339,7.4539924,7.490212,3.6277986,2.7855852,41.76958,35.356197,41.76958084106445,8,39,TB thấp
1,Hà Giang,Trung du và miền núi phía Bắc,1,2022,4.9973364,5.307156,4.1183453,6.4751754,7.1843667,7.0711503,3.4070344,2.5864215,41.146988,35.15353,41.14698791503906,8,40,TB thấp
2,Cao Bằng,Trung du và miền núi phía Bắc,1,2022,4.4906936,4.8963985,4.1071596,6.0843143,7.0613976,6.6897745,3.3074367,2.166562,38.803738,33.32974,38.80373764038086,8,61,Thấp nhất
3,Bắc Kạn,Trung du và miền núi phía Bắc,1,2022,5.3885055,5.4914384,4.355617,6.434009,7.377445,7.1490536,3.3577826,2.8830943,42.436947,36.196068,42.436946868896484,8,30,TB cao
4,Tuyên Quang,Trung du và miền núi phía Bắc,1,2022,5.2460127,5.507286,4.40654,6.864923,7.135579,7.307862,3.523713,3.1172376,43.109154,36.4682,43.109153747558594,8,20,TB cao
5,Lào Cai,Trung du và miền núi phía Bắc,1,2022,5.0275598,5.0399146,4.214921,5.7831025,7.2720203,7.1087313,3.097466,2.8537927,40.397507,34.44625,40.39750671386719,8,52,Thấp nhất
6,Yên Bái,Trung du và miền núi phía Bắc,1,2022,4.9544053,5.3534017,4.3560057,6.652221,7.209058,7.069462,3.4248044,2.8121626,41.83152,35.594555,41.831520080566406,8,36,TB thấp
7,Thái Nguyên,Trung du và miền núi phía Bắc,1,2022,5.381607,5.4902997,4.4112864,6.558837,7.204213,7.6107926,3.042483,3.316725,43.016243,36.657036,43.01624298095703,8,22,TB cao
8,Lạng Sơn,Trung du và miền núi phía Bắc,1,2022,5.81644,5.3385687,4.479757,6.7475734,7.262708,7.790292,3.4365346,2.9756403,43.847515,37.43534,43.84751510620117,8,13,Cao nhất
9,Bắc Giang,Trung du và miền núi phía Bắc,1,2022,,,4.396727,,,8.084984,4.2021246,3.4342728,,,,4,,
10,Phú Thọ,Trung du và miền núi phía Bắc,1,2022,5.7516823,5.7251115,4.2259016,7.0491376,7.2750053,7.537661,3.3903737,3.2918863,44.246758,37.5645,44.24675750732422,8,10,Cao nhất
11,Điện Biên,Trung du và miền núi phía Bắc,1,2022,4.438293,5.1839385,4.183865,5.7121334,7.0126233,6.879299,3.8075314,2.4509773,39.668663,33.410152,39.668663024902344,8,59,Thấp nhất
12,Lai Châu,Trung du và miền núi phía Bắc,1,2022,5.5805297,5.341991,4.3170757,6.156029,7.1850853,7.5264163,3.702507,2.8810124,42.690647,36.10713,42.69064712524414,8,27,TB cao
13,Sơn La,Trung du và miền núi phía Bắc,1,2022,4.7769065,5.064726,4.21875,6.6229033,7.3813963,7.0744414,3.4020705,2.3281631,40.869358,35.139122,40.86935806274414,8,46,Thấp nhất
14,Hòa Bình,Trung du và miền núi phía Bắc,1,2022,5.0889664,5.114957,4.3150783,6.4411445,6.6468024,7.387359,3.4255018,2.5879667,41.007774,34.99431,41.007774353027344,8,43,TB thấp
15,Hà Nội,Đồng bằng sông Hồng,2,2022,5.8254476,5.7769713,4.3706684,6.8007445,7.3100886,7.229401,2.9338439,3.6577632,43.90493,37.313324,43.904930114746094,8,12,Cao nhất
16,Vĩnh Phúc,Đồng bằng sông Hồng,2,2022,5.436157,5.5963526,4.5051928,6.793623,7.157936,8.314781,3.0371861,3.4671733,44.308403,37.804043,44.30840301513672,8,9,Cao nhất
17,Bắc Ninh,Đồng bằng sông Hồng,2,2022,5.8174157,,,,7.582089,8.085029,3.7651064,,,,,4,,
18,Quảng Ninh,Đồng bằng sông Hồng,2,2022,5.747576,6.3744926,4.5820866,7.427386,7.655076,8.258439,4.1213684,3.7098768,47.8763,40.045055,47.87630081176758,8,1,Cao nhất
19,Hải Dương,Đồng bằng sông Hồng,2,2022,5.334476,5.147217,4.287317,6.3680305,7.2598567,7.8048596,2.8194525,3.1223116,42.143524,36.20176,42.14352035522461,8,33,TB thấp
20,Hải Phòng,Đồng bằng sông Hồng,2,2022,5.393864,5.7387886,4.503943,6.889654,7.111545,7.564064,3.3740978,3.0275738,43.60353,37.20186,43.60353088378906,8,14,Cao nhất
21,Hưng Yên,Đồng bằng sông Hồng,2,2022,5.4940963,5.8100276,4.287706,6.876391,7.6275625,7.508165,3.3398995,3.2392688,44.183113,37.603947,44.1831169128418,8,11,Cao nhất
22,Thái Bình,Đồng bằng sông Hồng,2,2022,5.38712,5.4620914,4.3360553,6.8132973,7.08307,8.238346,3.078081,3.115984,43.514046,37.31998,43.51404571533203,8,15,Cao nhất
23,Hà Nam,Đồng bằng sông Hồng,2,2022,5.0631166,5.289687,4.419775,7.0016885,7.240499,7.3287497,3.3729515,3.0166566,42.733124,36.343517,42.733123779296875,8,26,TB cao
24,Nam Định,Đồng bằng sông Hồng,2,2022,5.629856,5.351911,4.3349323,6.763793,7.36461,7.4107065,3.3993537,2.8973312,43.152496,36.855812,43.15249252319336,8,19,TB cao
25,Ninh Bình,Đồng bằng sông Hồng,2,2022,5.2587337,5.523377,4.199566,6.7385783,7.436091,7.3283787,3.4722006,3.2076273,43.16455,36.484726,43.164554595947266,8,18,TB cao
26,Thanh Hóa,Bắc Trung Bộ và Duyên hải miền Trung,3,2022,6.107364,5.9741015,4.52429,7.282454,7.4392595,7.943686,3.6536279,3.090583,46.015366,39.271156,46.01536560058594,8,3,Cao nhất
27,Nghệ An,Bắc Trung Bộ và Duyên hải miền Trung,3,2022,5.6093493,5.4372683,4.3129063,6.599756,7.063186,7.5846267,3.5745955,3.0682888,43.249977,36.607094,43.249977111816406,8,17,TB cao
28,Hà Tĩnh,Bắc Trung Bộ và Duyên hải miền Trung,3,2022,5.3757567,5.5813656,4.5541277,6.705034,7.3882136,8.063362,3.4548671,3.1910977,44.313828,37.667862,44.31382369995117,8,8,Cao nhất
29,Quảng Bình,Bắc Trung Bộ và Duyên hải miền Trung,3,2022,4.919699,5.7066135,4.27425,7.2067766,7.130518,7.23215,3.5246859,2.7667441,42.761436,36.470005,42.761436462402344,8,25,TB cao
30,Quảng Trị,Bắc Trung Bộ và Duyên hải miền Trung,3,2022,4.9741263,5.2588515,4.3313046,6.533224,6.9933686,7.2275286,3.423738,3.0320585,41.7742,35.318405,41.774200439453125,8,37,TB thấp
31,Thừa Thiên Huế,Bắc Trung Bộ và Duyên hải miền Trung,3,2022,5.772118,5.8476505,4.3262863,7.035786,7.2938337,7.9557686,4.034009,3.1190128,45.384464,38.23144,45.384464263916016,8,5,Cao nhất
32,Đà Nẵng,Bắc Trung Bộ và Duyên hải miền Trung,3,2022,4.4935174,4.9122033,4.202305,6.5953016,7.306222,8.200037,3.1666641,3.6941054,42.570354,35.709587,42.57035446166992,8,29,TB cao
33,Quảng Nam,Bắc Trung Bộ và Duyên hải miền Trung,3,2022,4.7812653,5.196342,4.3640437,6.491619,7.117822,8.058112,3.2182512,3.010246,42.2377,36.009205,42.237701416015625,8,31,TB thấp
34,Quảng Ngãi,Bắc Trung Bộ và Duyên hải miền Trung,3,2022,5.043599,5.375954,4.395535,6.7841043,7.1782603,7.5196457,3.4405572,3.190704,42.92836,36.2971,42.92835998535156,8,23,TB cao
35,Bình Định,Bắc Trung Bộ và Duyên hải miền Trung,3,2022,4.3365436,5.0405498,4.1415825,7.0651155,7.035852,7.805874,3.3643603,2.870212,41.660088,35.425518,41.66008758544922,8,38,TB thấp
36,Phú Yên,Bắc Trung Bộ và Duyên hải miền Trung,3,2022,4.387612,4.9806123,4.0884356,6.2521524,7.0172815,7.697282,3.5093334,2.809619,40.74233,34.423374,40.74232864379883,8,47,Thấp nhất
37,Khánh Hòa,Bắc Trung Bộ và Duyên hải miền Trung,3,2022,4.498285,5.495815,4.4444003,6.941379,7.342768,7.8071823,3.428428,3.4786236,43.436882,36.52983,43.43688201904297,8,16,TB cao
38,Ninh Thuận,Bắc Trung Bộ và Duyên hải miền Trung,3,2022,5.4048333,5.8627214,4.3562007,7.520194,7.5295377,8.062137,3.7320576,3.5325375,46.00022,38.735626,46.00021743774414,8,4,Cao nhất
39,Bình Thuận,Bắc Trung Bộ và Duyên hải miền Trung,3,2022,5.4278936,5.9622197,4.425708,6.9436603,7.4387603,7.6982718,3.3535516,3.2896879,44.539753,37.896515,44.53975296020508,8,7,Cao nhất
40,Kon Tum,Tây Nguyên,4,2022,4.7477837,4.6563315,4.1791086,6.1999183,6.8940077,7.4359236,3.2518342,2.610698,39.975605,34.113075,39.97560501098633,8,54,Thấp nhất
41,Gia Lai,Tây Nguyên,4,2022,5.0252843,5.0327177,3.9166489,6.2284045,6.6384883,6.8515644,3.091631,2.8888888,39.67363,33.693108,39.67362976074219,8,58,Thấp nhất
42,Đắk Lắk,Tây Nguyên,4,2022,5.1387873,4.8388987,4.1477423,6.3898363,7.2450495,7.4911585,2.9833913,2.8874722,41.122337,35.251472,41.122337341308594,8,41,TB thấp
43,Đắk Nông,Tây Nguyên,4,2022,4.7923436,4.870785,4.323856,6.078771,7.2541175,6.6208196,3.464863,3.1218765,40.527435,33.940693,40.52743148803711,8,51,Thấp nhất
44,Lâm Đồng,Tây Nguyên,4,2022,5.0606523,4.934135,4.1752844,6.5236044,7.2094426,6.6599293,3.0538578,3.092809,40.709713,34.56305,40.709712982177734,8,49,Thấp nhất
45,Bình Phước,Đông Nam Bộ,5,2022,5.0272536,5.1443405,4.0014863,5.970598,7.0778847,6.4132357,2.9016163,3.3980126,39.934425,33.6348,39.93442916870117,8,56,Thấp nhất
46,Tây Ninh,Đông Nam Bộ,5,2022,4.2720084,4.5563498,4.0198574,6.403998,6.576035,7.5188828,2.9814994,3.0884078,39.417038,33.34713,39.41703796386719,8,60,Thấp nhất
47,Bình Dương,Đông Nam Bộ,5,2022,5.949372,6.209855,4.5423117,7.939984,7.4758787,8.206472,3.4685209,3.6564062,47.4488,40.323875,47.44879913330078,8,2,Cao nhất
48,Đồng Nai,Đông Nam Bộ,5,2022,4.776759,4.9619207,4.18088,6.538799,7.1641297,7.6618886,2.8300047,3.148781,41.26316,35.284378,41.26316452026367,8,39,TB thấp
49,Bà Rịa - Vũng Tàu,Đông Nam Bộ,5,2022,4.3234725,5.183502,4.250539,6.952959,7.079619,7.857852,3.1973372,3.147659,41.99294,35.64794,41.99293899536133,8,34,TB thấp
50,Hồ Chí Minh,Đông Nam Bộ,5,2022,4.5682454,4.8661146,4.3024554,6.3215675,7.1545887,7.517289,2.973711,3.3164093,41.020382,34.730263,41.020381927490234,8,42,TB thấp
51,Long An,Đồng bằng sông Cửu Long,6,2022,4.8123226,4.743776,3.9954379,6.2436438,7.219309,6.834802,3.1518629,2.808084,39.80924,33.849293,39.80923843383789,8,57,Thấp nhất
52,Tiền Giang,Đồng bằng sông Cửu Long,6,2022,4.063168,4.410216,4.1569486,7.4029493,7.1929784,7.2705,4.179821,2.300217,40.9768,34.49676,40.97679901123047,8,45,TB thấp
53,Bến Tre,Đồng bằng sông Cửu Long,6,2022,4.2259784,4.7946405,3.9702435,6.6261516,7.3836446,7.708116,3.255767,2.632609,40.597153,34.708775,40.59715270996094,8,50,Thấp nhất
54,Trà Vinh,Đồng bằng sông Cửu Long,6,2022,4.1161256,4.8381114,3.9934397,6.599869,7.2851505,8.059465,3.1573424,2.6677225,40.717228,34.892162,40.717227935791016,8,48,Thấp nhất
55,Vĩnh Long,Đồng bằng sông Cửu Long,6,2022,4.5832973,5.1310143,4.4151416,6.7576036,7.279565,8.271788,3.6535099,2.9327934,43.02471,36.438408,43.02471160888672,8,21,TB cao
56,Đồng Tháp,Đồng bằng sông Cửu Long,6,2022,4.3295116,4.6019926,4.240199,6.6346407,7.5809865,7.374769,4.626372,2.7613134,42.149784,34.7621,42.149784088134766,8,32,TB thấp
57,An Giang,Đồng bằng sông Cửu Long,6,2022,4.4517913,4.5968947,4.1583843,6.4259768,7.061863,7.6138015,4.1011534,2.5922713,41.002136,34.308712,41.00213623046875,8,44,TB thấp
58,Kiên Giang,Đồng bằng sông Cửu Long,6,2022,3.7754788,4.7571344,4.2855372,6.41371,7.18604,7.1472673,3.8778782,2.5970407,40.040085,33.565166,40.04008865356445,8,53,Thấp nhất
59,Cần Thơ,Đồng bằng sông Cửu Long,6,2022,3.711127,4.7551465,4.000822,6.537229,7.076689,7.1980834,4.07168,2.6239717,39.97475,33.279095,39.97474670410156,8,55,Thấp nhất
60,Hậu Giang,Đồng bằng sông Cửu Long,6,2022,4.2705483,5.1033745,4.2285695,7.19922,7.2648206,7.2057047,4.3719363,2.9474306,42.591606,35.272236,42.59160614013672,8,28,TB cao
61,Sóc Trăng,Đồng bằng sông Cửu Long,6,2022,4.492063,5.0884023,4.358424,7.399803,7.4120903,7.2743773,3.8119652,3.0187807,42.855904,36.025158,42.85590744018555,8,24,TB cao
62,Bạc Liêu,Đồng bằng sông Cửu Long,6,2022,5.0389547,5.7437673,4.516954,7.507535,7.473914,7.8689575,3.6757824,3.0855556,44.911423,38.150085,44.91142272949219,8,6,Cao nhất
63,Cà Mau,Đồng bằng sông Cửu Long,6,2022,4.177804,5.1472244,4.463717,6.953528,7.336828,7.2511735,3.474865,3.0694475,41.874588,35.330276,41.87458801269531,8,35,TB thấp
1,Hà Giang,Trung du và miền núi phía Bắc,1,2023,5.2831035,5.8120155,4.3853955,7.175055,7.3943176,7.1703944,3.961332,3.0663135,44.24793,37.22028,44.247928619384766,8,11,Cao nhất
2,Cao Bằng,Trung du và miền núi phía Bắc,1,2023,4.772978,4.9857354,4.321948,6.7453885,6.829255,7.4800878,3.6803412,2.839415,41.65515,35.13539,41.655147552490234,8,38,TB thấp
3,Bắc Kạn,Trung du và miền núi phía Bắc,1,2023,5.4483914,5.395842,4.197441,6.853708,7.252222,7.127891,3.814151,3.2586586,43.348305,36.275494,43.348304748535156,8,22,TB cao
4,Tuyên Quang,Trung du và miền núi phía Bắc,1,2023,4.968036,5.0237484,4.2455707,6.862946,7.065988,6.9124975,3.4101057,3.0050542,41.49395,35.07879,41.49394607543945,8,41,TB thấp
5,Lào Cai,Trung du và miền núi phía Bắc,1,2023,5.0013266,5.357228,4.2257648,6.38056,7.4678626,7.1670485,3.3743117,3.1334,42.107502,35.599792,42.10750198364258,8,33,TB thấp
6,Yên Bái,Trung du và miền núi phía Bắc,1,2023,4.7347713,5.1595874,4.335552,6.761425,7.198877,7.5826855,3.6238854,3.093978,42.49076,35.7729,42.490760803222656,8,28,TB cao
7,Thái Nguyên,Trung du và miền núi phía Bắc,1,2023,5.908105,5.8433123,4.3561597,7.204516,7.441992,8.002206,3.3439436,3.6872897,45.78752,38.75629,45.78752517700195,8,2,Cao nhất
8,Lạng Sơn,Trung du và miền núi phía Bắc,1,2023,5.309153,5.2937016,4.3401346,7.098976,7.287996,7.353683,3.5704277,3.223696,43.477768,36.683643,43.47776794433594,8,21,TB cao
9,Bắc Giang,Trung du và miền núi phía Bắc,1,2023,5.578665,5.687014,4.3875313,7.151454,7.3000817,7.4285564,3.304558,3.482508,44.320366,37.533302,44.320369720458984,8,10,Cao nhất
10,Phú Thọ,Trung du và miền núi phía Bắc,1,2023,5.3255424,5.310772,4.3579335,6.892512,7.272312,7.2369967,3.2217422,3.3778977,42.99571,36.39607,42.99570846557617,8,24,TB cao
11,Điện Biên,Trung du và miền núi phía Bắc,1,2023,4.69644,5.25142,4.4287567,6.6270914,7.1950865,6.933379,3.94715,2.9411068,42.02043,35.132175,42.02043151855469,8,34,TB thấp
12,Lai Châu,Trung du và miền núi phía Bắc,1,2023,4.966353,5.465606,4.513112,6.4825573,7.394699,7.720145,3.80655,3.2732332,43.622253,36.542473,43.622257232666016,8,18,TB cao
13,Sơn La,Trung du và miền núi phía Bắc,1,2023,4.891806,5.103419,4.328184,6.6087685,7.3132105,7.5906363,3.4310763,3.1294549,42.396557,35.836025,42.39655685424805,8,30,TB cao
14,Hòa Bình,Trung du và miền núi phía Bắc,1,2023,5.157654,5.12742,4.4621224,7.2309337,7.346247,7.1872296,3.8857036,3.1519668,43.54928,36.51161,43.549278259277344,8,20,TB cao
15,Hà Nội,Đồng bằng sông Hồng,2,2023,5.427534,5.6707473,4.2759995,6.734771,7.161109,7.8485813,2.868811,3.9727511,43.960304,37.118744,43.960304260253906,8,15,Cao nhất
16,Vĩnh Phúc,Đồng bằng sông Hồng,2,2023,5.3734293,5.2836924,4.4806414,6.668851,7.310266,8.030711,3.1321452,3.672875,43.95261,37.14759,43.95261001586914,8,16,TB cao
17,Bắc Ninh,Đồng bằng sông Hồng,2,2023,5.5334077,5.8234396,4.5466685,7.1588416,7.2747283,8.256774,3.3818424,3.7290077,45.704712,38.59386,45.7047119140625,8,3,Cao nhất
18,Quảng Ninh,Đồng bằng sông Hồng,2,2023,,,,,,,,,,,,0,,
19,Hải Dương,Đồng bằng sông Hồng,2,2023,4.944452,5.0397635,3.8955116,6.996689,6.779338,7.4841886,3.2102149,3.4033468,41.7535,35.139942,41.753501892089844,8,37,TB thấp
20,Hải Phòng,Đồng bằng sông Hồng,2,2023,4.9757323,5.1072617,4.1538672,6.326693,6.9351,7.991139,3.235594,3.3889256,42.11431,35.489796,42.11431121826172,8,32,TB thấp
21,Hưng Yên,Đồng bằng sông Hồng,2,2023,5.4553075,5.495992,4.4015245,7.056963,7.559496,7.6117377,3.4276247,3.2195573,44.228203,37.58102,44.22820281982422,8,12,Cao nhất
22,Thái Bình,Đồng bằng sông Hồng,2,2023,5.3641486,5.67262,4.524134,6.2522883,7.0966916,8.11823,3.2459693,3.4843757,43.758457,37.02811,43.75845718383789,8,17,TB cao
23,Hà Nam,Đồng bằng sông Hồng,2,2023,5.067975,5.0235314,4.211197,6.6085215,7.4571953,7.0903435,3.0683782,3.0309415,41.558083,35.458763,41.558082580566406,8,40,TB thấp
24,Nam Định,Đồng bằng sông Hồng,2,2023,5.4362884,5.2143435,4.263244,6.5661044,7.1895485,7.858502,3.319796,3.3303945,43.178223,36.52803,43.17822265625,8,23,TB cao
25,Ninh Bình,Đồng bằng sông Hồng,2,2023,5.4982405,5.399543,4.364309,6.3938966,7.5157523,8.292518,3.2933571,3.314508,44.07212,37.46426,44.07212448120117,8,14,Cao nhất
26,Thanh Hóa,Bắc Trung Bộ và Duyên hải miền Trung,3,2023,5.7694554,5.491532,4.297277,6.9686456,7.1906767,7.765154,3.6915414,3.0299373,44.204216,37.482742,44.204219818115234,8,13,Cao nhất
27,Nghệ An,Bắc Trung Bộ và Duyên hải miền Trung,3,2023,5.0855556,5.288951,4.3177094,6.6789317,7.0760584,7.7857924,3.6344204,2.9798741,42.84729,36.232998,42.847293853759766,8,25,TB cao
28,Hà Tĩnh,Bắc Trung Bộ và Duyên hải miền Trung,3,2023,5.7635245,5.749053,4.5042276,7.053561,7.5357776,7.707887,3.660783,3.4543343,45.429146,38.31403,45.42914962768555,8,7,Cao nhất
29,Quảng Bình,Bắc Trung Bộ và Duyên hải miền Trung,3,2023,5.32774,5.2465677,4.4084473,6.2325954,6.8269653,7.095862,3.289363,3.172273,41.599815,35.13818,41.59981155395508,8,39,TB thấp
30,Quảng Trị,Bắc Trung Bộ và Duyên hải miền Trung,3,2023,5.0971417,5.007578,4.2810173,7.1661506,7.104251,7.2981505,3.5462043,3.2699578,42.77045,35.95429,42.770450592041016,8,26,TB cao
31,Thừa Thiên Huế,Bắc Trung Bộ và Duyên hải miền Trung,3,2023,5.3434596,5.835605,4.3688297,7.5740404,7.341803,8.304116,3.9691415,3.3045437,46.041542,38.767853,46.04153823852539,8,1,Cao nhất
32,Đà Nẵng,Bắc Trung Bộ và Duyên hải miền Trung,3,2023,4.930391,4.958741,4.344962,6.628942,7.2374086,7.813169,3.145997,3.6071653,42.666775,35.913612,42.666778564453125,8,27,TB cao
33,Quảng Nam,Bắc Trung Bộ và Duyên hải miền Trung,3,2023,4.802994,4.5627093,3.8586652,6.5457554,6.9009805,7.6957097,3.309311,2.919867,40.595993,34.366814,40.59599304199219,8,48,Thấp nhất
34,Quảng Ngãi,Bắc Trung Bộ và Duyên hải miền Trung,3,2023,4.707195,4.9118366,4.059223,5.856346,7.262654,7.428116,3.3853452,2.8783693,40.489082,34.225372,40.48908615112305,8,49,Thấp nhất
35,Bình Định,Bắc Trung Bộ và Duyên hải miền Trung,3,2023,4.558098,5.456316,4.2454042,7.4530244,7.2300596,7.7623396,3.578523,3.2880588,43.571823,36.705242,43.57182312011719,8,19,TB cao
36,Phú Yên,Bắc Trung Bộ và Duyên hải miền Trung,3,2023,4.3750863,4.64153,4.002036,6.8087316,6.679344,7.7044296,3.514556,2.6944628,40.420177,34.21116,40.4201774597168,8,50,Thấp nhất
37,Khánh Hòa,Bắc Trung Bộ và Duyên hải miền Trung,3,2023,4.89791,5.876099,4.3180737,7.373419,7.177011,8.07899,3.7424128,3.4780214,44.941936,37.721504,44.94193649291992,8,8,Cao nhất
38,Ninh Thuận,Bắc Trung Bộ và Duyên hải miền Trung,3,2023,5.3349166,5.5838413,4.423919,7.3609405,7.5598664,8.228642,3.903231,3.1100247,45.505383,38.492126,45.5053825378418,8,6,Cao nhất
39,Bình Thuận,Bắc Trung Bộ và Duyên hải miền Trung,3,2023,5.1864576,4.996615,4.21657,6.7600207,7.2866406,7.641315,3.382014,3.0043945,42.47403,36.08762,42.474029541015625,8,29,TB cao
40,Kon Tum,Tây Nguyên,4,2023,4.90297,4.710326,4.0864635,6.2617373,6.874089,7.2820964,3.152571,2.6910424,39.961296,34.117683,39.96129608154297,8,56,Thấp nhất
41,Gia Lai,Tây Nguyên,4,2023,4.747166,4.849364,4.1497836,6.4905925,6.922712,7.384182,3.0374417,2.736616,40.317856,34.5438,40.31785583496094,8,51,Thấp nhất
42,Đắk Lắk,Tây Nguyên,4,2023,4.756168,5.308916,4.2090755,6.617339,7.2269416,7.542155,3.2489028,3.4170322,42.32653,35.660595,42.32653045654297,8,31,TB thấp
43,Đắk Nông,Tây Nguyên,4,2023,4.651164,4.3092985,4.059861,5.958867,7.0976624,6.8387265,3.145667,2.9098558,38.971104,32.91558,38.97110366821289,8,61,Thấp nhất
44,Lâm Đồng,Tây Nguyên,4,2023,4.987863,4.70177,4.3124404,6.192936,7.0736885,7.417147,2.9912117,3.2273695,40.904427,34.685844,40.90442657470703,8,45,TB thấp
45,Bình Phước,Đông Nam Bộ,5,2023,4.5280075,4.563145,4.187951,6.109691,7.029775,7.323791,2.9948351,3.2154038,39.9526,33.74236,39.952598571777344,8,57,Thấp nhất
46,Tây Ninh,Đông Nam Bộ,5,2023,3.9292457,4.377041,4.0105777,6.8288226,7.195917,6.7685795,3.1993608,2.926809,39.236355,33.110184,39.23635482788086,8,60,Thấp nhất
47,Bình Dương,Đông Nam Bộ,5,2023,,,,,,,,,,,,0,,
48,Đồng Nai,Đông Nam Bộ,5,2023,4.3364444,4.5910053,4.137621,6.483962,7.0263276,6.998645,2.9915345,3.3458247,39.911366,33.574005,39.9113655090332,8,58,Thấp nhất
49,Bà Rịa - Vũng Tàu,Đông Nam Bộ,5,2023,4.6407,5.643014,4.2696433,7.218091,7.45147,8.162597,3.5327637,3.6563299,44.574608,37.385517,44.574607849121094,8,9,Cao nhất
50,Hồ Chí Minh,Đông Nam Bộ,5,2023,4.6058683,5.1528387,4.304179,6.6334968,7.0510015,7.533808,2.9641578,3.5300076,41.77536,35.281193,41.775360107421875,8,36,TB thấp
51,Long An,Đồng bằng sông Cửu Long,6,2023,4.5727468,4.803759,3.866072,6.708814,7.2252145,6.7584524,3.4039075,3.4939864,40.832954,33.93506,40.83295440673828,8,46,Thấp nhất
52,Tiền Giang,Đồng bằng sông Cửu Long,6,2023,3.6879377,4.5152416,3.93648,6.6372466,7.2812862,7.1419377,3.7932997,2.6972015,39.690628,33.20013,39.69063186645508,8,59,Thấp nhất
53,Bến Tre,Đồng bằng sông Cửu Long,6,2023,4.6710014,4.591871,3.8072898,6.7834144,7.133745,7.1582966,3.5043495,2.5628426,40.21281,34.14562,40.21281051635742,8,52,Thấp nhất
54,Trà Vinh,Đồng bằng sông Cửu Long,6,2023,3.9348295,4.4062433,4.008718,6.623692,7.340366,7.8110676,3.4604123,2.557996,40.143326,34.124916,40.14332580566406,8,54,Thấp nhất
55,Vĩnh Long,Đồng bằng sông Cửu Long,6,2023,4.178352,4.701129,3.9900882,6.379632,6.990277,7.8558707,3.801,2.9267356,40.823082,34.09535,40.82308578491211,8,47,Thấp nhất
56,Đồng Tháp,Đồng bằng sông Cửu Long,6,2023,3.9249887,4.6666894,4.0032063,6.957834,7.309756,7.2534885,4.289521,2.9171453,41.32263,34.115963,41.322628021240234,8,42,TB thấp
57,An Giang,Đồng bằng sông Cửu Long,6,2023,4.338145,4.5846477,4.060783,6.886094,7.0037813,8.047103,3.9688172,2.9560812,41.84545,34.920555,41.84545135498047,8,35,TB thấp
58,Kiên Giang,Đồng bằng sông Cửu Long,6,2023,3.9487467,4.8033347,4.2508283,6.889316,7.143142,7.167074,3.7897606,2.9970279,40.98923,34.202442,40.98923110961914,8,44,TB thấp
59,Cần Thơ,Đồng bằng sông Cửu Long,6,2023,3.8642483,4.752471,4.089053,6.42318,7.0732355,6.8072295,3.9595187,3.2055023,40.17444,33.009415,40.1744384765625,8,53,Thấp nhất
60,Hậu Giang,Đồng bằng sông Cửu Long,6,2023,4.3387637,4.4484596,3.9288194,7.000959,7.12142,7.137569,4.170802,2.9223995,41.069195,33.97599,41.069190979003906,8,43,TB thấp
61,Sóc Trăng,Đồng bằng sông Cửu Long,6,2023,4.9587636,5.484426,4.493371,8.146994,7.436023,7.8980975,4.0346875,3.1672497,45.619614,38.417675,45.61961364746094,8,4,Cao nhất
62,Bạc Liêu,Đồng bằng sông Cửu Long,6,2023,5.021307,5.501846,4.65724,7.65854,7.639762,7.6163564,3.9442482,3.5391126,45.57841,38.09505,45.57841110229492,8,5,Cao nhất
63,Cà Mau,Đồng bằng sông Cửu Long,6,2023,3.8049018,4.4119153,4.0718517,6.8577533,7.1273575,6.901631,3.794394,3.1356382,40.105446,33.17541,40.10544204711914,8,55,Thấp nhất
1,Hà Giang,Trung du và miền núi phía Bắc,1,2024,5.214725,5.4806714,4.2750516,7.140234,7.2269773,7.0763383,4.0407176,3.27419,43.728905,36.413998,43.728904724121094,8,30,TB cao
2,Cao Bằng,Trung du và miền núi phía Bắc,1,2024,4.6403184,5.127021,4.2116694,6.223402,6.8141904,7.5840797,3.7891693,2.942627,41.332478,34.60068,41.33247756958008,8,51,Thấp nhất
3,Bắc Kạn,Trung du và miền núi phía Bắc,1,2024,5.3297963,5.4973283,4.312432,7.0796676,7.3666415,7.2207327,3.6826825,3.6069496,44.09623,36.8066,44.096229553222656,8,22,TB cao
4,Tuyên Quang,Trung du và miền núi phía Bắc,1,2024,5.1531653,5.167506,4.2898808,6.753948,7.0842004,7.2934084,3.425579,3.3790896,42.546776,35.742107,42.54677963256836,8,44,TB thấp
5,Lào Cai,Trung du và miền núi phía Bắc,1,2024,4.9317636,5.212203,4.2200937,6.6010923,6.8470683,7.1964912,3.4037914,3.336397,41.7489,35.008713,41.7489013671875,8,48,Thấp nhất
6,Yên Bái,Trung du và miền núi phía Bắc,1,2024,4.816692,5.0589905,4.1547194,6.8476167,7.075794,7.175598,3.53984,3.269802,41.939056,35.12941,41.93905258178711,8,46,Thấp nhất
7,Thái Nguyên,Trung du và miền núi phía Bắc,1,2024,5.8346086,6.062947,4.59851,7.1730223,7.3952203,7.943897,3.3537536,3.9866931,46.348648,39.0082,46.34865188598633,8,4,Cao nhất
8,Lạng Sơn,Trung du và miền núi phía Bắc,1,2024,5.525624,5.6443086,4.403242,7.133356,7.4854727,7.861848,3.6075735,3.342198,45.003624,38.053852,45.003623962402344,8,12,Cao nhất
9,Bắc Giang,Trung du và miền núi phía Bắc,1,2024,5.954645,5.385976,4.3864303,7.1372805,7.23427,7.857663,3.1915727,3.5375683,44.685406,37.956264,44.68540573120117,8,16,TB cao
10,Phú Thọ,Trung du và miền núi phía Bắc,1,2024,5.2344713,5.7730985,4.327082,7.1479335,7.2606554,7.78133,3.3377035,3.5522285,44.414505,37.52457,44.41450119018555,8,18,TB cao
11,Điện Biên,Trung du và miền núi phía Bắc,1,2024,4.6315355,4.99096,4.2216644,6.615695,7.1933217,6.742524,3.8923364,3.0877905,41.375828,34.3957,41.37582778930664,8,50,Thấp nhất
12,Lai Châu,Trung du và miền núi phía Bắc,1,2024,5.2362795,5.431123,4.2190323,6.6353073,7.131219,7.7216988,3.6816375,3.4232705,43.47957,36.37466,43.47956848144531,8,31,TB thấp
13,Sơn La,Trung du và miền núi phía Bắc,1,2024,5.204468,5.361041,4.4622808,7.062807,7.1389866,7.4601016,3.8144147,3.3834512,43.88755,36.689686,43.887550354003906,8,25,TB cao
14,Hòa Bình,Trung du và miền núi phía Bắc,1,2024,5.230725,5.332258,4.2637906,6.9433165,6.969212,7.384555,4.04861,3.3053226,43.47779,36.123856,43.47779083251953,8,32,TB thấp
15,Hà Nội,Đồng bằng sông Hồng,2,2024,5.3922696,5.711352,4.362601,6.698252,7.123151,7.568981,2.8725736,4.0455356,43.774715,36.856606,43.774715423583984,8,29,TB cao
16,Vĩnh Phúc,Đồng bằng sông Hồng,2,2024,,,,,,,,,,,,0,,
17,Bắc Ninh,Đồng bằng sông Hồng,2,2024,5.6018467,5.4774365,4.3570437,6.877239,7.5354843,8.400966,3.4306636,3.8049881,45.48567,38.250015,45.48566818237305,8,8,Cao nhất
18,Quảng Ninh,Đồng bằng sông Hồng,2,2024,5.8739314,5.8307924,4.3448133,7.9890556,7.3876486,8.41984,4.0331697,3.941986,47.821236,39.846085,47.82123565673828,8,1,Cao nhất
19,Hải Dương,Đồng bằng sông Hồng,2,2024,5.3658714,5.011752,4.31925,6.564701,7.0850835,7.5111213,3.1709604,3.5660443,42.594784,35.857777,42.594783782958984,8,43,TB thấp
20,Hải Phòng,Đồng bằng sông Hồng,2,2024,5.2277036,5.330075,4.12777,6.483808,7.0873923,7.5885,3.3130493,3.5453527,42.70365,35.84525,42.703651428222656,8,42,TB thấp
21,Hưng Yên,Đồng bằng sông Hồng,2,2024,5.4520383,5.5162215,4.3691444,7.195939,7.3096976,7.5498447,3.584682,3.4266748,44.404243,37.392887,44.40424346923828,8,19,TB cao
22,Thái Bình,Đồng bằng sông Hồng,2,2024,5.1838202,5.63231,4.6101375,7.047174,7.254276,8.133447,3.464666,3.4120815,44.73791,37.861164,44.737911224365234,8,15,Cao nhất
23,Hà Nam,Đồng bằng sông Hồng,2,2024,5.6991305,5.260747,4.4114165,6.9043627,7.2147126,7.1566815,3.3098805,3.425803,43.382736,36.647053,43.38273620605469,8,34,TB thấp
24,Nam Định,Đồng bằng sông Hồng,2,2024,5.614821,5.4210725,4.2580404,6.928052,7.3345613,7.84111,3.5677288,3.3921232,44.35751,37.397655,44.35750961303711,8,20,TB cao
25,Ninh Bình,Đồng bằng sông Hồng,2,2024,5.4310226,5.525877,4.339327,6.8789997,7.3090806,7.4313684,3.6945283,3.3418083,43.95201,36.915676,43.95201110839844,8,24,TB cao
26,Thanh Hóa,Bắc Trung Bộ và Duyên hải miền Trung,3,2024,5.6885676,5.465582,4.4848266,7.2913423,7.246796,7.4674497,3.9399061,3.2862813,44.87075,37.644566,44.870750427246094,8,13,Cao nhất
27,Nghệ An,Bắc Trung Bộ và Duyên hải miền Trung,3,2024,5.318382,5.2588186,4.282999,6.899292,7.1586857,7.2775764,3.7921565,3.0819771,43.069885,36.195755,43.069889068603516,8,37,TB thấp
28,Hà Tĩnh,Bắc Trung Bộ và Duyên hải miền Trung,3,2024,5.841213,5.955794,4.5642695,7.1892715,7.3588543,7.511996,3.7232423,3.4084456,45.553085,38.4214,45.55308532714844,8,6,Cao nhất
29,Quảng Bình,Bắc Trung Bộ và Duyên hải miền Trung,3,2024,5.4784436,5.570678,4.4923954,6.734325,6.620259,7.908047,3.4936247,3.507027,43.804802,36.80415,43.80480194091797,8,28,TB cao
30,Quảng Trị,Bắc Trung Bộ và Duyên hải miền Trung,3,2024,5.4809937,5.646862,4.3143196,7.3490567,7.2824354,7.4545712,3.6911612,3.5278687,44.74727,37.528236,44.74726867675781,8,14,Cao nhất
31,Thừa Thiên Huế,Bắc Trung Bộ và Duyên hải miền Trung,3,2024,5.389178,5.505286,4.3029323,7.224679,7.185607,8.137438,4.0384774,3.311449,45.095047,37.745125,45.09504699707031,8,11,Cao nhất
32,Đà Nẵng,Bắc Trung Bộ và Duyên hải miền Trung,3,2024,4.7903976,5.017689,4.3863173,6.617632,7.3898067,8.164029,3.090879,3.7553146,43.212063,36.36587,43.212066650390625,8,35,TB thấp
33,Quảng Nam,Bắc Trung Bộ và Duyên hải miền Trung,3,2024,4.3570433,4.8638635,3.9765358,6.731966,6.6984262,7.7961454,3.677966,2.9025128,41.00446,34.42398,41.004459381103516,8,55,Thấp nhất
34,Quảng Ngãi,Bắc Trung Bộ và Duyên hải miền Trung,3,2024,4.7686677,5.4296136,4.389741,7.002513,7.118406,7.610022,3.7340803,3.0160394,43.069084,36.318962,43.06908416748047,8,38,TB thấp
35,Bình Định,Bắc Trung Bộ và Duyên hải miền Trung,3,2024,4.5344944,5.5700946,4.117841,7.1864,6.9361544,7.9399056,3.7726169,3.4105778,43.468086,36.284893,43.46808624267578,8,33,TB thấp
36,Phú Yên,Bắc Trung Bộ và Duyên hải miền Trung,3,2024,4.303528,4.6866717,4.130749,7.111042,6.7556114,7.263657,3.5282295,2.888946,40.668434,34.25126,40.668434143066406,8,56,Thấp nhất
37,Khánh Hòa,Bắc Trung Bộ và Duyên hải miền Trung,3,2024,4.3452415,5.4215875,4.3180633,7.205019,7.1181617,8.1182995,3.7911613,3.488822,43.80636,36.526375,43.80635452270508,8,27,TB cao
38,Ninh Thuận,Bắc Trung Bộ và Duyên hải miền Trung,3,2024,5.06169,5.5555634,4.477515,7.5495224,7.511939,8.157281,3.9285278,3.4902482,45.732285,38.31351,45.7322883605957,8,5,Cao nhất
39,Bình Thuận,Bắc Trung Bộ và Duyên hải miền Trung,3,2024,5.6322875,6.2309666,4.3517547,7.7144156,7.5443993,8.171577,3.8221931,3.6590524,47.126648,39.6454,47.12664794921875,8,3,Cao nhất
40,Kon Tum,Tây Nguyên,4,2024,4.536165,4.568783,3.890919,6.3550253,7.2452383,7.4358487,3.2878282,2.9884539,40.30826,34.03198,40.30826187133789,8,60,Thấp nhất
41,Gia Lai,Tây Nguyên,4,2024,4.80707,5.0022407,4.177762,6.6482377,6.903173,7.3899393,3.506393,2.8510842,41.2859,34.928425,41.2859001159668,8,52,Thấp nhất
42,Đắk Lắk,Tây Nguyên,4,2024,4.7686486,5.259129,4.3294578,7.009812,7.428984,7.260577,3.4043024,3.5493166,43.010227,36.056606,43.01022720336914,8,39,TB thấp
43,Đắk Nông,Tây Nguyên,4,2024,4.595878,4.7127914,4.233318,6.3219485,7.063444,7.028904,3.3129044,3.2681937,40.537384,33.956284,40.537384033203125,8,58,Thấp nhất
44,Lâm Đồng,Tây Nguyên,4,2024,4.743623,4.6665163,4.365794,6.1505036,6.917418,7.6079836,3.1923068,3.3737845,41.01793,34.45184,41.01792907714844,8,54,Thấp nhất
45,Bình Phước,Đông Nam Bộ,5,2024,4.5305033,4.8436036,4.296006,6.578101,7.1242805,7.381527,3.3161113,3.5592976,41.629433,34.75402,41.629432678222656,8,49,Thấp nhất
46,Tây Ninh,Đông Nam Bộ,5,2024,5.3659606,6.1258197,4.4819713,8.203923,7.5406976,7.8218713,3.9277575,3.8772442,47.345245,39.54024,47.345245361328125,8,2,Cao nhất
47,Bình Dương,Đông Nam Bộ,5,2024,4.8678775,5.8828783,4.256371,7.640022,7.4048953,7.7558355,3.5233104,4.059956,45.391144,37.80788,45.391143798828125,8,9,Cao nhất
48,Đồng Nai,Đông Nam Bộ,5,2024,4.5591216,4.9210234,4.269532,6.7135344,7.1346927,7.4769363,3.219376,3.5302398,41.824455,35.07484,41.82445526123047,8,47,Thấp nhất
49,Bà Rịa - Vũng Tàu,Đông Nam Bộ,5,2024,4.6065764,5.502339,4.36369,7.6227803,7.544918,8.323375,3.823252,3.745167,45.532097,37.963676,45.53209686279297,8,7,Cao nhất
50,Hồ Chí Minh,Đông Nam Bộ,5,2024,4.8062167,5.1966023,4.1746407,6.954373,6.9252443,7.812324,3.169226,3.7745416,42.813168,35.8694,42.813167572021484,8,41,TB thấp
51,Long An,Đồng bằng sông Cửu Long,6,2024,4.7067814,5.0847707,4.2596855,7.044085,7.2244797,6.6919546,3.6199572,3.6613698,42.293083,35.011757,42.29308319091797,8,45,TB thấp
52,Tiền Giang,Đồng bằng sông Cửu Long,6,2024,,,,,,,,,,,,0,,
53,Bến Tre,Đồng bằng sông Cửu Long,6,2024,4.3346887,4.791142,4.306832,6.836029,7.2034903,7.0315037,3.7125912,3.0332735,41.24955,34.503685,41.249549865722656,8,53,Thấp nhất
54,Trà Vinh,Đồng bằng sông Cửu Long,6,2024,4.107318,4.849989,4.1558266,6.904301,6.9165635,7.3605876,3.580072,2.7416408,40.616295,34.294586,40.61629867553711,8,57,Thấp nhất
55,Vĩnh Long,Đồng bằng sông Cửu Long,6,2024,4.391294,5.030283,3.952871,7.1191974,7.2897534,8.019111,4.2195387,3.1739,43.195946,35.80251,43.19594955444336,8,36,TB thấp
56,Đồng Tháp,Đồng bằng sông Cửu Long,6,2024,4.5901046,5.2069983,4.408047,7.2803764,7.559963,7.3096857,4.4122086,3.0683272,43.835712,36.355175,43.83571243286133,8,26,TB cao
57,An Giang,Đồng bằng sông Cửu Long,6,2024,4.2719364,5.1564136,3.9967048,7.560951,7.1891427,7.49595,4.2939696,2.9266162,42.891685,35.6711,42.891685485839844,8,40,TB thấp
58,Kiên Giang,Đồng bằng sông Cửu Long,6,2024,4.1186,4.415021,3.8997576,6.086704,7.261682,7.686404,3.4604347,2.9835837,39.912186,33.46817,39.91218566894531,8,61,Thấp nhất
59,Cần Thơ,Đồng bằng sông Cửu Long,6,2024,3.6055303,4.4497905,3.9863043,6.822668,7.136381,7.185236,3.8751736,3.3815794,40.44266,33.18591,40.442665100097656,8,59,Thấp nhất
60,Hậu Giang,Đồng bằng sông Cửu Long,6,2024,4.420416,5.105808,4.2974772,7.41103,7.592769,7.5125403,4.32151,3.34506,44.00661,36.340042,44.00661087036133,8,23,TB cao
61,Sóc Trăng,Đồng bằng sông Cửu Long,6,2024,4.9695096,5.5659294,4.189925,7.828555,7.4154515,8.156106,3.8965037,3.164438,45.186417,38.125477,45.18642044067383,8,10,Cao nhất
62,Bạc Liêu,Đồng bằng sông Cửu Long,6,2024,4.601687,5.3069553,4.396918,7.5723104,7.3383965,7.5032496,3.9329298,3.4479368,44.100384,36.719513,44.10038375854492,8,21,TB cao
63,Cà Mau,Đồng bằng sông Cửu Long,6,2024,4.650405,5.5249796,4.5870423,7.591258,7.4576635,7.5006666,3.7668543,3.4427905,44.52166,37.312016,44.52165985107422,8,17,TB cao
