province_id,year,code,score
1,2011,D1,4.876205
1,2011,D2,4.829181
1,2011,D3,5.007073
1,2011,D4,5.220708
1,2011,D5,6.448717
1,2011,D6,5.871421
2,2011,D1,5.309291
2,2011,D2,5.516291
2,2011,D3,4.798923
2,2011,D4,4.05398
2,2011,D5,6.588932
2,2011,D6,6.256076
3,2011,D1,5.601996
3,2011,D2,5.773088
3,2011,D3,5.725249
3,2011,D4,5.885087
3,2011,D5,7.197525
3,2011,D6,6.480335
4,2011,D1,5.228072
4,2011,D2,5.541674
4,2011,D3,5.371785
4,2011,D4,5.795823
4,2011,D5,6.725205
4,2011,D6,6.596823
5,2011,D1,5.545943
5,2011,D2,5.830779
5,2011,D3,5.573418
5,2011,D4,5.484072
5,2011,D5,6.450169
5,2011,D6,6.228536
6,2011,D1,5.157237
6,2011,D2,6.049838
6,2011,D3,5.696171
6,2011,D4,5.769361
6,2011,D5,7.089154
6,2011,D6,5.98294
7,2011,D1,5.286486
7,2011,D2,5.955234
7,2011,D3,5.535253
7,2011,D4,5.492052
7,2011,D5,6.962739
7,2011,D6,6.29495
8,2011,D1,6.004803
8,2011,D2,6.380309
8,2011,D3,5.864292
8,2011,D4,6.363323
8,2011,D5,6.75143
8,2011,D6,7.019526
9,2011,D1,5.627799
9,2011,D2,5.488588
9,2011,D3,5.444681
9,2011,D4,4.976701
9,2011,D5,6.843168
9,2011,D6,6.52241
10,2011,D1,5.671049
10,2011,D2,5.024613
10,2011,D3,5.86601
10,2011,D4,5.677862
10,2011,D5,6.902812
10,2011,D6,6.578358
11,2011,D1,4.83451
11,2011,D2,5.728653
11,2011,D3,5.462211
11,2011,D4,5.069239
11,2011,D5,6.708876
11,2011,D6,6.343846
12,2011,D1,5.166482
12,2011,D2,5.084737
12,2011,D3,5.198565
12,2011,D4,5.306615
12,2011,D5,6.675288
12,2011,D6,6.49568
13,2011,D1,6.642126
13,2011,D2,6.536399
13,2011,D3,5.843012
13,2011,D4,6.682519
13,2011,D5,6.684669
13,2011,D6,6.828486
14,2011,D1,6.149224
14,2011,D2,5.987236
14,2011,D3,6.053757
14,2011,D4,5.717377
14,2011,D5,6.677558
14,2011,D6,6.647443
15,2011,D1,5.76248
15,2011,D2,5.993628
15,2011,D3,5.728503
15,2011,D4,4.999064
15,2011,D5,6.86417
15,2011,D6,7.057175
16,2011,D1,5.45946
16,2011,D2,5.376756
16,2011,D3,5.662301
16,2011,D4,5.627712
16,2011,D5,6.728115
16,2011,D6,6.929915
17,2011,D1,5.945492
17,2011,D2,5.300251
17,2011,D3,5.536696
17,2011,D4,4.756677
17,2011,D5,6.873471
17,2011,D6,6.731758
18,2011,D1,5.50693
18,2011,D2,5.563884
18,2011,D3,5.981915
18,2011,D4,4.581821
18,2011,D5,6.595512
18,2011,D6,6.678566
19,2011,D1,5.680454
19,2011,D2,5.892763
19,2011,D3,6.270883
19,2011,D4,5.508252
19,2011,D5,6.533383
19,2011,D6,7.013973
20,2011,D1,5.178622
20,2011,D2,5.307114
20,2011,D3,4.773243
20,2011,D4,4.595267
20,2011,D5,7.010265
20,2011,D6,7.332496
21,2011,D1,5.107419
21,2011,D2,5.031453
21,2011,D3,5.145127
21,2011,D4,4.942143
21,2011,D5,6.81072
21,2011,D6,6.461293
22,2011,D1,5.334291
22,2011,D2,5.845027
22,2011,D3,6.422015
22,2011,D4,5.106078
22,2011,D5,6.811929
22,2011,D6,6.630406
23,2011,D1,5.352929
23,2011,D2,5.570489
23,2011,D3,6.249077
23,2011,D4,5.580551
23,2011,D5,6.702801
23,2011,D6,6.216433
24,2011,D1,5.379339
24,2011,D2,6.65163
24,2011,D3,6.295915
24,2011,D4,5.912676
24,2011,D5,7.374056
24,2011,D6,6.770439
25,2011,D1,4.882277
25,2011,D2,5.231442
25,2011,D3,5.078667
25,2011,D4,4.931393
25,2011,D5,7.017153
25,2011,D6,6.459054
26,2011,D1,5.543016
26,2011,D2,5.964661
26,2011,D3,5.943183
26,2011,D4,5.735574
26,2011,D5,7.260157
26,2011,D6,6.782002
27,2011,D1,5.40526
27,2011,D2,5.93751
27,2011,D3,6.318358
27,2011,D4,5.372231
27,2011,D5,6.836513
27,2011,D6,6.413505
28,2011,D1,5.629052
28,2011,D2,6.684592
28,2011,D3,6.511307
28,2011,D4,5.918511
28,2011,D5,7.151428
28,2011,D6,6.854278
29,2011,D1,6.293084
29,2011,D2,6.350776
29,2011,D3,6.570911
29,2011,D4,6.451807
29,2011,D5,7.465513
29,2011,D6,7.21983
30,2011,D1,5.883188
30,2011,D2,6.09556
30,2011,D3,6.984396
30,2011,D4,5.794321
30,2011,D5,7.311706
30,2011,D6,7.040849
31,2011,D1,5.276932
31,2011,D2,5.354371
31,2011,D3,5.330616
31,2011,D4,5.706082
31,2011,D5,6.644399
31,2011,D6,6.970898
32,2011,D1,5.278487
32,2011,D2,5.456141
32,2011,D3,5.790415
32,2011,D4,6.083569
32,2011,D5,7.332107
32,2011,D6,7.430041
33,2011,D1,5.329458
33,2011,D2,5.71666
33,2011,D3,5.409335
33,2011,D4,6.291757
33,2011,D5,6.447381
33,2011,D6,6.838182
34,2011,D1,5.048677
34,2011,D2,5.305767
34,2011,D3,5.578123
34,2011,D4,5.353436
34,2011,D5,6.409153
34,2011,D6,6.306332
35,2011,D1,5.884237
35,2011,D2,5.681886
35,2011,D3,6.004536
35,2011,D4,6.945232
35,2011,D5,6.902247
35,2011,D6,7.013384
36,2011,D1,4.76267
36,2011,D2,5.019029
36,2011,D3,5.211934
36,2011,D4,5.09361
36,2011,D5,6.578695
36,2011,D6,6.264314
37,2011,D1,5.353788
37,2011,D2,5.533273
37,2011,D3,5.277689
37,2011,D4,5.263045
37,2011,D5,6.433857
37,2011,D6,6.663778
38,2011,D1,5.06227
38,2011,D2,4.641479
38,2011,D3,5.522005
38,2011,D4,5.131741
38,2011,D5,7.062998
38,2011,D6,6.923033
39,2011,D1,4.320866
39,2011,D2,4.881819
39,2011,D3,5.43684
39,2011,D4,5.817658
39,2011,D5,6.65764
39,2011,D6,6.482713
40,2011,D1,5.259974
40,2011,D2,5.163684
40,2011,D3,5.63341
40,2011,D4,5.333369
40,2011,D5,7.148442
40,2011,D6,6.737861
41,2011,D1,5.474282
41,2011,D2,6.002263
41,2011,D3,5.435134
41,2011,D4,5.65083
41,2011,D5,7.084662
41,2011,D6,6.317464
42,2011,D1,5.098397
42,2011,D2,5.801748
42,2011,D3,5.532555
42,2011,D4,5.028733
42,2011,D5,7.00809
42,2011,D6,6.572452
43,2011,D1,5.725976
43,2011,D2,5.892358
43,2011,D3,5.553295
43,2011,D4,5.75058
43,2011,D5,7.1993
43,2011,D6,5.680825
44,2011,D1,5.251161
44,2011,D2,4.603978
44,2011,D3,5.531252
44,2011,D4,5.025381
44,2011,D5,7.174689
44,2011,D6,6.630703
45,2011,D1,5.433785
45,2011,D2,6.020853
45,2011,D3,5.847684
45,2011,D4,5.512823
45,2011,D5,7.129824
45,2011,D6,5.919043
46,2011,D1,4.403107
46,2011,D2,4.626924
46,2011,D3,5.189391
46,2011,D4,5.24101
46,2011,D5,6.715736
46,2011,D6,6.366068
47,2011,D1,5.083646
47,2011,D2,5.475698
47,2011,D3,5.385574
47,2011,D4,7.183592
47,2011,D5,7.146326
47,2011,D6,6.854453
48,2011,D1,5.457825
48,2011,D2,5.387383
48,2011,D3,5.144117
48,2011,D4,5.865746
48,2011,D5,7.144776
48,2011,D6,6.660327
49,2011,D1,5.96322
49,2011,D2,6.849039
49,2011,D3,5.53126
49,2011,D4,6.890491
49,2011,D5,7.427681
49,2011,D6,7.292699
50,2011,D1,5.143024
50,2011,D2,6.005712
50,2011,D3,5.240344
50,2011,D4,6.147952
50,2011,D5,7.080636
50,2011,D6,7.148072
51,2011,D1,5.769613
51,2011,D2,6.149002
51,2011,D3,6.257419
51,2011,D4,7.360318
51,2011,D5,7.185021
51,2011,D6,7.116402
52,2011,D1,5.734218
52,2011,D2,5.888436
52,2011,D3,5.78971
52,2011,D4,6.873276
52,2011,D5,6.924706
52,2011,D6,6.459263
53,2011,D1,5.787479
53,2011,D2,5.931097
53,2011,D3,5.121816
53,2011,D4,6.52783
53,2011,D5,6.802374
53,2011,D6,6.955378
54,2011,D1,4.687884
54,2011,D2,4.435356
54,2011,D3,5.110535
54,2011,D4,4.924287
54,2011,D5,6.359602
54,2011,D6,6.409603
55,2011,D1,5.242749
55,2011,D2,5.080515
55,2011,D3,5.395402
55,2011,D4,5.997477
55,2011,D5,7.075324
55,2011,D6,7.01311
56,2011,D1,5.182785
56,2011,D2,5.476338
56,2011,D3,5.941434
56,2011,D4,6.760653
56,2011,D5,7.194096
56,2011,D6,6.666285
57,2011,D1,4.869586
57,2011,D2,4.958939
57,2011,D3,4.735237
57,2011,D4,5.540307
57,2011,D5,6.467561
57,2011,D6,6.805312
58,2011,D1,5.09196
58,2011,D2,4.767159
58,2011,D3,5.290498
58,2011,D4,5.737898
58,2011,D5,6.866744
58,2011,D6,6.994224
59,2011,D1,5.716923
59,2011,D2,5.490738
59,2011,D3,5.547006
59,2011,D4,5.951178
59,2011,D5,6.353442
59,2011,D6,6.550245
60,2011,D1,4.969893
60,2011,D2,4.789634
60,2011,D3,5.271314
60,2011,D4,5.765605
60,2011,D5,6.786561
60,2011,D6,6.715853
61,2011,D1,4.899919
61,2011,D2,4.922166
61,2011,D3,5.152213
61,2011,D4,6.944393
61,2011,D5,6.575285
61,2011,D6,6.635262
62,2011,D1,4.637381
62,2011,D2,4.674524
62,2011,D3,5.063324
62,2011,D4,6.301612
62,2011,D5,6.858888
62,2011,D6,6.744656
63,2011,D1,4.812378
63,2011,D2,5.456194
63,2011,D3,5.180061
63,2011,D4,6.861135
63,2011,D5,6.847742
63,2011,D6,6.320277
1,2012,D1,5.279693
1,2012,D2,5.664689
1,2012,D3,5.465209
1,2012,D4,5.516757
1,2012,D5,6.674441
1,2012,D6,6.808666
2,2012,D1,5.540246
2,2012,D2,6.279766
2,2012,D3,5.523517
2,2012,D4,4.745146
2,2012,D5,6.864997
2,2012,D6,6.387956
3,2012,D1,5.607619
3,2012,D2,5.774017
3,2012,D3,6.238062
3,2012,D4,6.537386
3,2012,D5,7.113933
3,2012,D6,6.769415
4,2012,D1,5.039843
4,2012,D2,5.676058
4,2012,D3,5.591772
4,2012,D4,6.09765
4,2012,D5,6.987677
4,2012,D6,6.79082
5,2012,D1,5.959269
5,2012,D2,5.912377
5,2012,D3,5.987919
5,2012,D4,5.622889
5,2012,D5,7.468852
5,2012,D6,6.518858
6,2012,D1,5.504867
6,2012,D2,5.702175
6,2012,D3,5.438413
6,2012,D4,5.070926
6,2012,D5,7.554765
6,2012,D6,6.316918
7,2012,D1,5.557717
7,2012,D2,6.042024
7,2012,D3,5.793701
7,2012,D4,5.418146
7,2012,D5,7.020188
7,2012,D6,6.654637
8,2012,D1,5.064154
8,2012,D2,6.069649
8,2012,D3,6.30327
8,2012,D4,6.30878
8,2012,D5,7.017749
8,2012,D6,7.002706
9,2012,D1,5.736254
9,2012,D2,5.477664
9,2012,D3,5.379006
9,2012,D4,6.254153
9,2012,D5,6.783223
9,2012,D6,6.581217
10,2012,D1,5.915255
10,2012,D2,6.113678
10,2012,D3,5.883438
10,2012,D4,6.431537
10,2012,D5,7.226393
10,2012,D6,6.588862
11,2012,D1,4.589823
11,2012,D2,5.854285
11,2012,D3,5.205552
11,2012,D4,4.238368
11,2012,D5,7.155191
11,2012,D6,6.763395
12,2012,D1,4.562452
12,2012,D2,5.313558
12,2012,D3,5.292583
12,2012,D4,4.67022
12,2012,D5,6.362981
12,2012,D6,6.867343
13,2012,D1,5.272914
13,2012,D2,5.901819
13,2012,D3,6.152543
13,2012,D4,6.370084
13,2012,D5,7.067453
13,2012,D6,6.433158
14,2012,D1,5.550831
14,2012,D2,5.82835
14,2012,D3,5.552064
14,2012,D4,5.851812
14,2012,D5,6.931631
14,2012,D6,6.850189
15,2012,D1,5.506642
15,2012,D2,6.262991
15,2012,D3,6.057058
15,2012,D4,5.178477
15,2012,D5,6.86754
15,2012,D6,7.020477
16,2012,D1,5.457811
16,2012,D2,5.717434
16,2012,D3,5.867685
16,2012,D4,6.135661
16,2012,D5,7.030745
16,2012,D6,6.794108
17,2012,D1,5.723071
17,2012,D2,5.11617
17,2012,D3,5.3582
17,2012,D4,5.622058
17,2012,D5,6.577559
17,2012,D6,6.917044
18,2012,D1,5.408504
18,2012,D2,5.89886
18,2012,D3,5.979188
18,2012,D4,5.430783
18,2012,D5,6.282346
18,2012,D6,6.509588
19,2012,D1,5.433835
19,2012,D2,5.591466
19,2012,D3,6.776677
19,2012,D4,5.794068
19,2012,D5,6.990969
19,2012,D6,7.143447
20,2012,D1,5.364292
20,2012,D2,6.136301
20,2012,D3,5.379041
20,2012,D4,4.832838
20,2012,D5,7.316046
20,2012,D6,7.439088
21,2012,D1,5.598649
21,2012,D2,5.786267
21,2012,D3,5.868378
21,2012,D4,5.794444
21,2012,D5,6.721897
21,2012,D6,6.815145
22,2012,D1,6.120409
22,2012,D2,6.771593
22,2012,D3,6.96244
22,2012,D4,6.138117
22,2012,D5,7.098068
22,2012,D6,6.882005
23,2012,D1,5.988501
23,2012,D2,6.724512
23,2012,D3,6.382612
23,2012,D4,6.490642
23,2012,D5,7.121209
23,2012,D6,6.608832
24,2012,D1,5.399093
24,2012,D2,6.676195
24,2012,D3,6.564913
24,2012,D4,6.2127
24,2012,D5,7.21166
24,2012,D6,7.33072
25,2012,D1,4.916965
25,2012,D2,5.631872
25,2012,D3,5.460443
25,2012,D4,6.082438
25,2012,D5,7.109926
25,2012,D6,6.778338
26,2012,D1,5.389802
26,2012,D2,6.092532
26,2012,D3,5.629329
26,2012,D4,5.905036
26,2012,D5,7.248003
26,2012,D6,7.025909
27,2012,D1,5.487162
27,2012,D2,6.131847
27,2012,D3,6.150769
27,2012,D4,5.785789
27,2012,D5,7.024158
27,2012,D6,6.553382
28,2012,D1,5.965005
28,2012,D2,6.182355
28,2012,D3,5.999191
28,2012,D4,5.870663
28,2012,D5,7.129248
28,2012,D6,6.545905
29,2012,D1,5.70824
29,2012,D2,6.948932
29,2012,D3,6.886974
29,2012,D4,6.059259
29,2012,D5,7.444731
29,2012,D6,7.572349
30,2012,D1,5.174848
30,2012,D2,6.877017
30,2012,D3,6.417126
30,2012,D4,6.691759
30,2012,D5,7.029386
30,2012,D6,7.155606
31,2012,D1,5.148741
31,2012,D2,5.658504
31,2012,D3,5.53533
31,2012,D4,6.115899
31,2012,D5,7.337197
31,2012,D6,7.04531
32,2012,D1,5.466084
32,2012,D2,6.104527
32,2012,D3,6.035883
32,2012,D4,6.822308
32,2012,D5,7.470115
32,2012,D6,7.650003
33,2012,D1,5.531788
33,2012,D2,5.821253
33,2012,D3,5.686777
33,2012,D4,6.50798
33,2012,D5,7.006399
33,2012,D6,6.955315
34,2012,D1,5.204063
34,2012,D2,5.990557
34,2012,D3,5.747117
34,2012,D4,5.839599
34,2012,D5,6.855974
34,2012,D6,6.586078
35,2012,D1,6.18833
35,2012,D2,6.116506
35,2012,D3,6.300311
35,2012,D4,6.985969
35,2012,D5,7.111078
35,2012,D6,7.110175
36,2012,D1,4.536886
36,2012,D2,6.0729
36,2012,D3,5.589923
36,2012,D4,6.285729
36,2012,D5,6.634672
36,2012,D6,6.681214
37,2012,D1,4.634271
37,2012,D2,4.980999
37,2012,D3,4.670515
37,2012,D4,4.491018
37,2012,D5,6.426911
37,2012,D6,6.627596
38,2012,D1,4.986203
38,2012,D2,5.230573
38,2012,D3,5.314352
38,2012,D4,4.707213
38,2012,D5,6.767073
38,2012,D6,7.334046
39,2012,D1,4.975924
39,2012,D2,4.582405
39,2012,D3,5.458621
39,2012,D4,5.973555
39,2012,D5,6.87361
39,2012,D6,6.988561
40,2012,D1,5.337486
40,2012,D2,5.68741
40,2012,D3,5.698249
40,2012,D4,5.183984
40,2012,D5,7.414637
40,2012,D6,6.940522
41,2012,D1,5.264595
41,2012,D2,6.12428
41,2012,D3,5.857416
41,2012,D4,6.100203
41,2012,D5,7.253346
41,2012,D6,6.268966
42,2012,D1,4.174857
42,2012,D2,4.92061
42,2012,D3,5.467312
42,2012,D4,5.177449
42,2012,D5,7.022571
42,2012,D6,6.69382
43,2012,D1,5.511321
43,2012,D2,5.670475
43,2012,D3,5.74481
43,2012,D4,5.461699
43,2012,D5,7.310357
43,2012,D6,5.953362
44,2012,D1,5.560361
44,2012,D2,5.564467
44,2012,D3,5.603383
44,2012,D4,5.943358
44,2012,D5,7.12451
44,2012,D6,6.993646
45,2012,D1,6.034218
45,2012,D2,6.551477
45,2012,D3,6.307601
45,2012,D4,6.083885
45,2012,D5,6.896664
45,2012,D6,6.373647
46,2012,D1,5.115296
46,2012,D2,5.209766
46,2012,D3,5.110436
46,2012,D4,6.036859
46,2012,D5,6.658721
46,2012,D6,5.915785
47,2012,D1,5.506535
47,2012,D2,6.184144
47,2012,D3,5.427299
47,2012,D4,6.413208
47,2012,D5,6.71676
47,2012,D6,7.242423
48,2012,D1,4.729096
48,2012,D2,5.002157
48,2012,D3,5.135239
48,2012,D4,5.440953
48,2012,D5,6.743308
48,2012,D6,6.92019
49,2012,D1,5.167522
49,2012,D2,6.668087
49,2012,D3,5.716091
49,2012,D4,6.527493
49,2012,D5,6.566987
49,2012,D6,7.269868
50,2012,D1,4.742527
50,2012,D2,5.798257
50,2012,D3,5.144074
50,2012,D4,6.367458
50,2012,D5,7.075529
50,2012,D6,7.517297
51,2012,D1,4.944427
51,2012,D2,6.423769
51,2012,D3,5.756987
51,2012,D4,6.860387
51,2012,D5,6.950576
51,2012,D6,7.008876
52,2012,D1,5.327354
52,2012,D2,5.528656
52,2012,D3,5.202159
52,2012,D4,7.176839
52,2012,D5,7.126012
52,2012,D6,6.740596
53,2012,D1,5.285373
53,2012,D2,5.805714
53,2012,D3,5.442789
53,2012,D4,6.546582
53,2012,D5,6.917214
53,2012,D6,6.958375
54,2012,D1,5.330583
54,2012,D2,4.559778
54,2012,D3,5.247579
54,2012,D4,5.70197
54,2012,D5,6.930822
54,2012,D6,6.560279
55,2012,D1,5.380659
55,2012,D2,5.722248
55,2012,D3,5.825734
55,2012,D4,6.557142
55,2012,D5,7.270749
55,2012,D6,7.234171
56,2012,D1,4.343835
56,2012,D2,5.309925
56,2012,D3,5.624056
56,2012,D4,6.173401
56,2012,D5,7.070961
56,2012,D6,6.673457
57,2012,D1,4.691073
57,2012,D2,5.076869
57,2012,D3,5.02952
57,2012,D4,5.419241
57,2012,D5,6.538087
57,2012,D6,6.869814
58,2012,D1,5.011768
58,2012,D2,4.776906
58,2012,D3,4.417272
58,2012,D4,5.146751
58,2012,D5,6.642651
58,2012,D6,7.041935
59,2012,D1,5.814761
59,2012,D2,5.453095
59,2012,D3,5.652103
59,2012,D4,6.21728
59,2012,D5,6.851487
59,2012,D6,6.766375
60,2012,D1,4.951166
60,2012,D2,5.546455
60,2012,D3,5.76894
60,2012,D4,6.41671
60,2012,D5,6.810816
60,2012,D6,6.935107
61,2012,D1,4.578633
61,2012,D2,5.200961
61,2012,D3,5.916937
61,2012,D4,7.0054
61,2012,D5,6.424181
61,2012,D6,6.74466
62,2012,D1,4.542979
62,2012,D2,4.655468
62,2012,D3,4.740825
62,2012,D4,5.621454
62,2012,D5,6.8063
62,2012,D6,6.984996
63,2012,D1,4.551349
63,2012,D2,5.046576
63,2012,D3,5.337072
63,2012,D4,6.17285
63,2012,D5,6.578232
63,2012,D6,6.134304
1,2013,D1,5.108392
1,2013,D2,5.22986
1,2013,D3,4.967155
1,2013,D4,5.170728
1,2013,D5,7.266743
1,2013,D6,6.471526
2,2013,D1,5.182518
2,2013,D2,6.02566
2,2013,D3,5.268156
2,2013,D4,6.05101
2,2013,D5,6.601561
2,2013,D6,6.418707
3,2013,D1,5.386935
3,2013,D2,6.07093
3,2013,D3,5.583058
3,2013,D4,6.414939
3,2013,D5,7.269672
3,2013,D6,6.6983
4,2013,D1,5.573787
4,2013,D2,6.26209
4,2013,D3,6.032667
4,2013,D4,6.159425
4,2013,D5,7.22683
4,2013,D6,6.78675
5,2013,D1,5.108504
5,2013,D2,5.346524
5,2013,D3,4.821747
5,2013,D4,5.487986
5,2013,D5,6.857337
5,2013,D6,6.775338
6,2013,D1,5.709529
6,2013,D2,6.047609
6,2013,D3,5.955606
6,2013,D4,6.315381
6,2013,D5,7.153278
6,2013,D6,6.409137
7,2013,D1,5.571805
7,2013,D2,6.539973
7,2013,D3,6.098966
7,2013,D4,6.073101
7,2013,D5,6.636068
7,2013,D6,6.52725
8,2013,D1,5.43272
8,2013,D2,6.294604
8,2013,D3,5.758984
8,2013,D4,6.39175
8,2013,D5,6.748682
8,2013,D6,7.168305
9,2013,D1,4.648251
9,2013,D2,4.883765
9,2013,D3,4.627284
9,2013,D4,4.677617
9,2013,D5,6.391128
9,2013,D6,6.559813
10,2013,D1,5.168999
10,2013,D2,5.826718
10,2013,D3,5.934596
10,2013,D4,6.290534
10,2013,D5,7.080192
10,2013,D6,6.459391
11,2013,D1,4.67222
11,2013,D2,5.795008
11,2013,D3,5.688387
11,2013,D4,5.97313
11,2013,D5,7.054165
11,2013,D6,6.75497
12,2013,D1,4.322599
12,2013,D2,5.231833
12,2013,D3,4.938347
12,2013,D4,4.987067
12,2013,D5,6.668658
12,2013,D6,6.753081
13,2013,D1,5.573081
13,2013,D2,5.416489
13,2013,D3,6.172488
13,2013,D4,6.380521
13,2013,D5,7.22359
13,2013,D6,6.352757
14,2013,D1,5.44542
14,2013,D2,5.900589
14,2013,D3,6.132254
14,2013,D4,5.706917
14,2013,D5,7.24229
14,2013,D6,7.195291
15,2013,D1,5.45678
15,2013,D2,6.329407
15,2013,D3,5.943764
15,2013,D4,5.640414
15,2013,D5,6.846432
15,2013,D6,6.945865
16,2013,D1,5.264643
16,2013,D2,5.939771
16,2013,D3,6.727475
16,2013,D4,5.706765
16,2013,D5,7.255759
16,2013,D6,6.869059
17,2013,D1,5.088111
17,2013,D2,5.849444
17,2013,D3,6.111093
17,2013,D4,5.907283
17,2013,D5,6.74481
17,2013,D6,7.228134
18,2013,D1,4.54986
18,2013,D2,5.476605
18,2013,D3,5.50957
18,2013,D4,5.349509
18,2013,D5,6.322154
18,2013,D6,6.685469
19,2013,D1,5.936472
19,2013,D2,6.345593
19,2013,D3,6.830314
19,2013,D4,6.078991
19,2013,D5,6.962264
19,2013,D6,6.862063
20,2013,D1,4.723511
20,2013,D2,6.061895
20,2013,D3,5.178742
20,2013,D4,5.235758
20,2013,D5,6.846126
20,2013,D6,7.43018
21,2013,D1,5.417231
21,2013,D2,5.998728
21,2013,D3,5.635862
21,2013,D4,5.789735
21,2013,D5,6.67505
21,2013,D6,7.246616
22,2013,D1,6.043607
22,2013,D2,6.354749
22,2013,D3,7.151485
22,2013,D4,5.669296
22,2013,D5,7.211536
22,2013,D6,6.881163
23,2013,D1,5.631222
23,2013,D2,6.096126
23,2013,D3,6.113694
23,2013,D4,5.822727
23,2013,D5,7.179103
23,2013,D6,6.312998
24,2013,D1,5.024486
24,2013,D2,6.396187
24,2013,D3,6.074957
24,2013,D4,6.267573
24,2013,D5,7.565309
24,2013,D6,7.192498
25,2013,D1,5.335857
25,2013,D2,5.465869
25,2013,D3,4.987593
25,2013,D4,5.60833
25,2013,D5,7.120852
25,2013,D6,6.701037
26,2013,D1,5.594298
26,2013,D2,6.606818
26,2013,D3,5.969592
26,2013,D4,6.918564
26,2013,D5,6.725555
26,2013,D6,6.81645
27,2013,D1,5.205329
27,2013,D2,5.77254
27,2013,D3,5.869501
27,2013,D4,5.766767
27,2013,D5,7.219819
27,2013,D6,6.632232
28,2013,D1,5.792954
28,2013,D2,6.250058
28,2013,D3,6.819525
28,2013,D4,6.344786
28,2013,D5,7.514029
28,2013,D6,6.571324
29,2013,D1,6.475642
29,2013,D2,6.873847
29,2013,D3,6.823332
29,2013,D4,6.443473
29,2013,D5,7.569044
29,2013,D6,7.533407
30,2013,D1,5.521946
30,2013,D2,6.570016
30,2013,D3,6.632721
30,2013,D4,6.116329
30,2013,D5,7.789495
30,2013,D6,7.118277
31,2013,D1,5.169472
31,2013,D2,6.073458
31,2013,D3,5.280302
31,2013,D4,5.821513
31,2013,D5,6.72361
31,2013,D6,7.288333
32,2013,D1,5.229287
32,2013,D2,6.669121
32,2013,D3,5.941721
32,2013,D4,6.334148
32,2013,D5,7.515488
32,2013,D6,7.374146
33,2013,D1,5.81443
33,2013,D2,6.01166
33,2013,D3,5.843115
33,2013,D4,6.380849
33,2013,D5,6.784387
33,2013,D6,6.966125
34,2013,D1,5.378279
34,2013,D2,5.774514
34,2013,D3,5.531539
34,2013,D4,5.34068
34,2013,D5,6.248955
34,2013,D6,6.79537
35,2013,D1,5.594021
35,2013,D2,6.030983
35,2013,D3,5.666899
35,2013,D4,6.501791
35,2013,D5,7.078212
35,2013,D6,7.326274
36,2013,D1,5.093759
36,2013,D2,5.577791
36,2013,D3,5.83679
36,2013,D4,6.290004
36,2013,D5,6.73263
36,2013,D6,6.610305
37,2013,D1,4.463257
37,2013,D2,5.521955
37,2013,D3,5.590503
37,2013,D4,6.087518
37,2013,D5,6.979913
37,2013,D6,7.158373
38,2013,D1,4.573864
38,2013,D2,5.569426
38,2013,D3,5.627867
38,2013,D4,5.717951
38,2013,D5,6.64438
38,2013,D6,7.189035
39,2013,D1,4.493525
39,2013,D2,5.528231
39,2013,D3,5.366606
39,2013,D4,6.195524
39,2013,D5,7.386457
39,2013,D6,7.359473
40,2013,D1,5.364465
40,2013,D2,5.301191
40,2013,D3,5.123622
40,2013,D4,4.737928
40,2013,D5,7.056559
40,2013,D6,6.824399
41,2013,D1,5.453024
41,2013,D2,5.857631
41,2013,D3,5.809501
41,2013,D4,6.828855
41,2013,D5,7.179781
41,2013,D6,6.18372
42,2013,D1,4.72217
42,2013,D2,5.900704
42,2013,D3,5.562335
42,2013,D4,6.253196
42,2013,D5,7.161703
42,2013,D6,6.917483
43,2013,D1,5.286704
43,2013,D2,6.239407
43,2013,D3,6.035557
43,2013,D4,5.799385
43,2013,D5,7.115542
43,2013,D6,6.471931
44,2013,D1,5.173715
44,2013,D2,5.176931
44,2013,D3,5.163729
44,2013,D4,5.774553
44,2013,D5,7.262709
44,2013,D6,6.93626
45,2013,D1,5.209824
45,2013,D2,5.809082
45,2013,D3,5.608911
45,2013,D4,5.58458
45,2013,D5,7.051136
45,2013,D6,6.119544
46,2013,D1,4.790494
46,2013,D2,5.651204
46,2013,D3,5.157679
46,2013,D4,6.298645
46,2013,D5,6.49551
46,2013,D6,6.496582
47,2013,D1,5.200507
47,2013,D2,6.134542
47,2013,D3,5.800822
47,2013,D4,6.85261
47,2013,D5,7.006926
47,2013,D6,7.007874
48,2013,D1,5.483231
48,2013,D2,5.698238
48,2013,D3,5.275082
48,2013,D4,5.53716
48,2013,D5,6.920859
48,2013,D6,6.768444
49,2013,D1,5.237306
49,2013,D2,6.354262
49,2013,D3,5.814311
49,2013,D4,6.527862
49,2013,D5,7.056129
49,2013,D6,7.429646
50,2013,D1,4.792554
50,2013,D2,6.277695
50,2013,D3,5.642437
50,2013,D4,6.306455
50,2013,D5,7.074094
50,2013,D6,7.233176
51,2013,D1,5.505705
51,2013,D2,6.003865
51,2013,D3,6.117835
51,2013,D4,7.506531
51,2013,D5,7.425664
51,2013,D6,7.175954
52,2013,D1,5.475101
52,2013,D2,5.790381
52,2013,D3,5.753316
52,2013,D4,7.601068
52,2013,D5,7.336592
52,2013,D6,6.689875
53,2013,D1,5.372809
53,2013,D2,5.8037
53,2013,D3,5.809909
53,2013,D4,6.504875
53,2013,D5,7.282234
53,2013,D6,6.881066
54,2013,D1,5.193829
54,2013,D2,5.963862
54,2013,D3,5.993282
54,2013,D4,6.493532
54,2013,D5,6.419325
54,2013,D6,6.900395
55,2013,D1,4.983923
55,2013,D2,5.719668
55,2013,D3,5.164208
55,2013,D4,6.868273
55,2013,D5,7.050932
55,2013,D6,7.759428
56,2013,D1,4.636302
56,2013,D2,5.02873
56,2013,D3,5.492524
56,2013,D4,6.031972
56,2013,D5,6.732641
56,2013,D6,6.589362
57,2013,D1,4.792465
57,2013,D2,5.297317
57,2013,D3,4.638314
57,2013,D4,6.535287
57,2013,D5,6.679251
57,2013,D6,7.101456
58,2013,D1,4.586549
58,2013,D2,5.169961
58,2013,D3,5.35605
58,2013,D4,6.208075
58,2013,D5,6.735466
58,2013,D6,7.459181
59,2013,D1,5.390443
59,2013,D2,6.045768
59,2013,D3,5.168157
59,2013,D4,7.174639
59,2013,D5,6.845201
59,2013,D6,6.752762
60,2013,D1,5.726117
60,2013,D2,5.556327
60,2013,D3,6.098305
60,2013,D4,6.489192
60,2013,D5,6.89316
60,2013,D6,7.051122
61,2013,D1,4.621329
61,2013,D2,5.437511
61,2013,D3,5.901202
61,2013,D4,6.953246
61,2013,D5,6.368151
61,2013,D6,6.868094
62,2013,D1,4.8369
62,2013,D2,5.239207
62,2013,D3,4.989858
62,2013,D4,6.383119
62,2013,D5,6.370854
62,2013,D6,6.93742
63,2013,D1,4.449255
63,2013,D2,5.41515
63,2013,D3,5.505454
63,2013,D4,6.597187
63,2013,D5,6.586338
63,2013,D6,6.024926
1,2014,D1,4.344393
1,2014,D2,4.936464
1,2014,D3,4.671476
1,2014,D4,5.319895
1,2014,D5,6.418913
1,2014,D6,6.335187
2,2014,D1,4.836926
2,2014,D2,5.432925
2,2014,D3,5.216737
2,2014,D4,5.402818
2,2014,D5,6.543669
2,2014,D6,6.400385
3,2014,D1,5.331256
3,2014,D2,6.205537
3,2014,D3,5.481455
3,2014,D4,6.054775
3,2014,D5,6.710112
3,2014,D6,6.804992
4,2014,D1,5.340539
4,2014,D2,6.429354
4,2014,D3,5.965372
4,2014,D4,6.53689
4,2014,D5,6.806693
4,2014,D6,6.77684
5,2014,D1,5.412144
5,2014,D2,6.624942
5,2014,D3,5.532502
5,2014,D4,5.378219
5,2014,D5,6.881722
5,2014,D6,6.786867
6,2014,D1,5.193882
6,2014,D2,6.317038
6,2014,D3,5.4932
6,2014,D4,5.394553
6,2014,D5,7.001187
6,2014,D6,6.673364
7,2014,D1,5.521908
7,2014,D2,5.819355
7,2014,D3,5.732812
7,2014,D4,5.40799
7,2014,D5,7.166579
7,2014,D6,6.715886
8,2014,D1,4.990617
8,2014,D2,6.622439
8,2014,D3,5.856305
8,2014,D4,6.26675
8,2014,D5,7.065934
8,2014,D6,7.106116
10,2014,D1,5.037911
10,2014,D2,5.785221
10,2014,D3,6.151046
10,2014,D4,6.37753
10,2014,D5,6.981248
10,2014,D6,6.483455
11,2014,D1,4.572456
11,2014,D2,5.829515
11,2014,D3,5.31331
11,2014,D4,4.847033
11,2014,D5,6.75481
11,2014,D6,6.656869
12,2014,D1,4.576239
12,2014,D2,4.802773
12,2014,D3,5.177181
12,2014,D4,5.613084
12,2014,D5,6.553261
12,2014,D6,6.681549
13,2014,D1,4.789366
13,2014,D2,5.664955
13,2014,D3,5.689134
13,2014,D4,6.026382
13,2014,D5,6.636449
13,2014,D6,6.236675
14,2014,D1,5.478205
14,2014,D2,6.501444
14,2014,D3,5.940162
14,2014,D4,6.272914
14,2014,D5,7.005573
14,2014,D6,7.033682
15,2014,D1,5.306829
15,2014,D2,6.006218
15,2014,D3,5.635981
15,2014,D4,5.229061
15,2014,D5,6.802405
15,2014,D6,6.821354
16,2014,D1,5.316336
16,2014,D2,6.009252
16,2014,D3,6.372838
16,2014,D4,5.752437
16,2014,D5,7.24107
16,2014,D6,6.856871
17,2014,D1,5.264646
17,2014,D2,5.21798
17,2014,D3,5.504672
17,2014,D4,5.335624
17,2014,D5,6.825671
17,2014,D6,7.10057
18,2014,D1,5.348964
18,2014,D2,5.474033
18,2014,D3,5.438408
18,2014,D4,5.622664
18,2014,D5,6.402996
18,2014,D6,6.560633
19,2014,D1,5.251472
19,2014,D2,5.757725
19,2014,D3,6.065988
19,2014,D4,5.327963
19,2014,D5,6.786558
19,2014,D6,7.02084
20,2014,D1,4.754235
20,2014,D2,6.04161
20,2014,D3,4.505553
20,2014,D4,4.916721
20,2014,D5,7.083448
20,2014,D6,7.67017
21,2014,D1,4.903127
21,2014,D2,5.718697
21,2014,D3,5.660532
21,2014,D4,5.987293
21,2014,D5,6.518282
21,2014,D6,7.075335
22,2014,D1,5.681632
22,2014,D2,6.799665
22,2014,D3,5.612403
22,2014,D4,6.299724
22,2014,D5,6.812218
22,2014,D6,6.986079
23,2014,D1,5.38939
23,2014,D2,5.740205
23,2014,D3,6.363427
23,2014,D4,6.181289
23,2014,D5,6.708529
23,2014,D6,6.921676
24,2014,D1,5.06412
24,2014,D2,6.822421
24,2014,D3,6.294858
24,2014,D4,6.196775
24,2014,D5,7.23816
24,2014,D6,7.266819
25,2014,D1,4.966778
25,2014,D2,6.13316
25,2014,D3,5.467748
25,2014,D4,6.314884
25,2014,D5,7.130974
25,2014,D6,6.906337
26,2014,D1,5.283776
26,2014,D2,5.967282
26,2014,D3,5.793922
26,2014,D4,6.136946
26,2014,D5,6.826482
26,2014,D6,6.871338
27,2014,D1,4.989612
27,2014,D2,6.117757
27,2014,D3,6.217053
27,2014,D4,5.536351
27,2014,D5,7.033844
27,2014,D6,6.701743
28,2014,D1,5.669497
28,2014,D2,5.812871
28,2014,D3,5.723183
28,2014,D4,6.472073
28,2014,D5,7.166885
28,2014,D6,6.724951
29,2014,D1,5.266743
29,2014,D2,6.191833
29,2014,D3,6.55151
29,2014,D4,6.642113
29,2014,D5,7.331928
29,2014,D6,7.257976
30,2014,D1,5.893736
30,2014,D2,6.676156
30,2014,D3,6.667504
30,2014,D4,6.509211
30,2014,D5,6.982222
30,2014,D6,7.115891
31,2014,D1,5.145447
31,2014,D2,6.018938
31,2014,D3,5.775127
31,2014,D4,6.11532
31,2014,D5,6.67384
31,2014,D6,7.289992
32,2014,D1,4.832156
32,2014,D2,6.160239
32,2014,D3,6.041602
32,2014,D4,5.633354
32,2014,D5,7.613504
32,2014,D6,7.730553
33,2014,D1,4.982928
33,2014,D2,5.597957
33,2014,D3,5.767764
33,2014,D4,6.540109
33,2014,D5,6.555966
33,2014,D6,6.953062
34,2014,D1,5.064489
34,2014,D2,6.653504
34,2014,D3,6.184994
34,2014,D4,6.80467
34,2014,D5,6.756465
34,2014,D6,7.186755
35,2014,D1,5.772822
35,2014,D2,6.295089
35,2014,D3,5.929243
35,2014,D4,6.573321
35,2014,D5,6.701671
35,2014,D6,7.347323
36,2014,D1,4.446579
36,2014,D2,5.178139
36,2014,D3,5.717823
36,2014,D4,5.280844
36,2014,D5,6.428483
36,2014,D6,7.06979
37,2014,D1,4.640225
37,2014,D2,5.182248
37,2014,D3,5.432399
37,2014,D4,5.334412
37,2014,D5,6.708451
37,2014,D6,6.8094
38,2014,D1,3.963161
38,2014,D2,5.081825
38,2014,D3,5.038487
38,2014,D4,6.214525
38,2014,D5,6.709838
38,2014,D6,7.353967
39,2014,D1,4.673031
39,2014,D2,5.734916
39,2014,D3,5.288186
39,2014,D4,6.226382
39,2014,D5,7.104673
39,2014,D6,7.495085
40,2014,D1,4.750922
40,2014,D2,5.408784
40,2014,D3,5.517918
40,2014,D4,5.129385
40,2014,D5,7.021752
40,2014,D6,6.701216
41,2014,D1,5.513556
41,2014,D2,5.345113
41,2014,D3,5.740736
41,2014,D4,5.896186
41,2014,D5,7.307343
41,2014,D6,6.445019
42,2014,D1,4.370178
42,2014,D2,6.393502
42,2014,D3,5.261272
42,2014,D4,6.160064
42,2014,D5,6.847652
42,2014,D6,6.643153
43,2014,D1,5.635555
43,2014,D2,6.021757
43,2014,D3,5.641593
43,2014,D4,5.99027
43,2014,D5,7.068642
43,2014,D6,6.566365
44,2014,D1,5.05987
44,2014,D2,5.745748
44,2014,D3,5.61174
44,2014,D4,6.244159
44,2014,D5,6.737226
44,2014,D6,7.12962
45,2014,D1,4.945031
45,2014,D2,5.711942
45,2014,D3,5.27632
45,2014,D4,5.894135
45,2014,D5,7.138591
45,2014,D6,6.009086
46,2014,D1,4.427047
46,2014,D2,5.08141
46,2014,D3,5.780083
46,2014,D4,6.434372
46,2014,D5,7.017725
46,2014,D6,6.348532
47,2014,D1,5.116319
47,2014,D2,6.117727
47,2014,D3,5.740925
47,2014,D4,7.22568
47,2014,D5,7.051156
47,2014,D6,7.644472
48,2014,D1,4.748907
48,2014,D2,5.42009
48,2014,D3,5.525814
48,2014,D4,5.442304
48,2014,D5,7.2722
48,2014,D6,6.813975
49,2014,D1,5.56625
49,2014,D2,6.585437
49,2014,D3,5.773271
49,2014,D4,5.74264
49,2014,D5,6.843654
49,2014,D6,7.594919
50,2014,D1,4.693834
50,2014,D2,5.84541
50,2014,D3,5.782167
50,2014,D4,6.397514
50,2014,D5,6.847215
50,2014,D6,7.536371
51,2014,D1,4.935528
51,2014,D2,6.728463
51,2014,D3,6.179594
51,2014,D4,6.669854
51,2014,D5,7.209657
51,2014,D6,7.127376
52,2014,D1,4.548759
52,2014,D2,5.388211
52,2014,D3,5.533657
52,2014,D4,6.474493
52,2014,D5,6.939955
52,2014,D6,6.735062
53,2014,D1,4.551163
53,2014,D2,5.78615
53,2014,D3,6.115741
53,2014,D4,6.454791
53,2014,D5,6.766984
53,2014,D6,6.893786
54,2014,D1,4.369359
54,2014,D2,5.619759
54,2014,D3,5.805624
54,2014,D4,6.449008
54,2014,D5,6.877658
54,2014,D6,6.700529
55,2014,D1,4.775074
55,2014,D2,6.299161
55,2014,D3,6.539651
55,2014,D4,7.272801
55,2014,D5,6.986482
55,2014,D6,7.859983
57,2014,D1,4.756897
57,2014,D2,5.583562
57,2014,D3,5.732325
57,2014,D4,7.017166
57,2014,D5,6.889343
57,2014,D6,7.164692
58,2014,D1,4.381222
58,2014,D2,5.069269
58,2014,D3,5.701316
58,2014,D4,5.99188
58,2014,D5,6.909579
58,2014,D6,7.262187
59,2014,D1,4.830733
59,2014,D2,5.060485
59,2014,D3,5.102675
59,2014,D4,5.927576
59,2014,D5,6.594952
59,2014,D6,6.707688
60,2014,D1,4.380045
60,2014,D2,6.064161
60,2014,D3,5.994379
60,2014,D4,6.616528
60,2014,D5,6.77984
60,2014,D6,6.749629
61,2014,D1,4.647972
61,2014,D2,5.447761
61,2014,D3,5.750111
61,2014,D4,6.679101
61,2014,D5,6.425196
61,2014,D6,6.829839
62,2014,D1,4.763083
62,2014,D2,5.372011
62,2014,D3,5.628025
62,2014,D4,6.593053
62,2014,D5,6.709391
62,2014,D6,6.942039
63,2014,D1,5.206726
63,2014,D2,5.795309
63,2014,D3,5.613258
63,2014,D4,7.285778
63,2014,D5,6.814811
63,2014,D6,6.459076
1,2015,D1,3.9248707
1,2015,D2,5.13803
1,2015,D3,4.704545
1,2015,D4,4.756369
1,2015,D5,6.343087
1,2015,D6,6.860514
2,2015,D1,4.534447
2,2015,D2,5.918897
2,2015,D3,4.811921
2,2015,D4,5.4041944
2,2015,D5,6.5094604
2,2015,D6,6.682748
3,2015,D1,4.7232246
3,2015,D2,5.851951
3,2015,D3,5.311238
3,2015,D4,5.4839907
3,2015,D5,6.756352
3,2015,D6,6.781946
4,2015,D1,5.126594
4,2015,D2,6.1333275
4,2015,D3,4.9877095
4,2015,D4,6.1099944
4,2015,D5,6.9571652
4,2015,D6,7.23723
5,2015,D1,4.497755
5,2015,D2,5.941654
5,2015,D3,5.991447
5,2015,D4,5.1970673
5,2015,D5,6.9820285
5,2015,D6,7.1197424
6,2015,D1,4.157199
6,2015,D2,4.9716563
6,2015,D3,5.546785
6,2015,D4,4.960602
6,2015,D5,6.8674397
6,2015,D6,6.449074
7,2015,D1,5.3730044
7,2015,D2,5.956731
7,2015,D3,5.3787556
7,2015,D4,5.8787923
7,2015,D5,7.1828613
7,2015,D6,6.9674983
8,2015,D1,4.244066
8,2015,D2,5.672119
8,2015,D3,5.3342
8,2015,D4,6.0409584
8,2015,D5,6.8607745
8,2015,D6,6.808551
9,2015,D1,5.405128
9,2015,D2,5.4085274
9,2015,D3,5.467936
9,2015,D4,6.211486
9,2015,D5,7.0313625
9,2015,D6,6.894715
10,2015,D1,5.8418474
10,2015,D2,5.850977
10,2015,D3,6.946532
10,2015,D4,6.649048
10,2015,D5,6.8936787
10,2015,D6,6.876425
11,2015,D1,4.6079683
11,2015,D2,5.848804
11,2015,D3,5.723064
11,2015,D4,5.420958
11,2015,D5,6.735698
11,2015,D6,6.9214063
12,2015,D1,3.750853
12,2015,D2,4.892289
12,2015,D3,5.6162653
12,2015,D4,5.0420647
12,2015,D5,7.1164517
12,2015,D6,6.3366895
13,2015,D1,4.8075876
13,2015,D2,5.242597
13,2015,D3,5.964963
13,2015,D4,5.8681774
13,2015,D5,6.763148
13,2015,D6,6.8625736
14,2015,D1,5.744875
14,2015,D2,5.520368
14,2015,D3,5.866659
14,2015,D4,5.604619
14,2015,D5,6.882348
14,2015,D6,7.043001
15,2015,D1,5.054007
15,2015,D2,5.219942
15,2015,D3,5.583774
15,2015,D4,4.993017
15,2015,D5,6.5303802
15,2015,D6,6.720777
16,2015,D1,4.6969733
16,2015,D2,5.633615
16,2015,D3,5.296115
16,2015,D4,6.1173716
16,2015,D5,6.7067513
16,2015,D6,7.1152005
17,2015,D1,5.744455
17,2015,D2,5.6572676
17,2015,D3,6.827278
17,2015,D4,5.676352
17,2015,D5,7.506879
17,2015,D6,7.6277146
18,2015,D1,5.1979375
18,2015,D2,5.3263893
18,2015,D3,5.690183
18,2015,D4,5.7191944
18,2015,D5,6.789462
18,2015,D6,6.682907
19,2015,D1,5.5158563
19,2015,D2,5.648189
19,2015,D3,6.204869
19,2015,D4,5.940544
19,2015,D5,7.19122
19,2015,D6,6.917359
20,2015,D1,4.5056415
20,2015,D2,5.1745286
20,2015,D3,4.897899
20,2015,D4,5.5231595
20,2015,D5,6.9892573
20,2015,D6,7.0550795
21,2015,D1,5.1614995
21,2015,D2,5.081197
21,2015,D3,5.590327
21,2015,D4,5.1308537
21,2015,D5,6.5897484
21,2015,D6,7.4928784
22,2015,D1,5.799447
22,2015,D2,5.940236
22,2015,D3,5.972408
22,2015,D4,5.9635153
22,2015,D5,6.800124
22,2015,D6,6.939197
23,2015,D1,4.929575
23,2015,D2,5.769777
23,2015,D3,5.4224463
23,2015,D4,5.8423133
23,2015,D5,6.9245806
23,2015,D6,6.908318
24,2015,D1,5.36307
24,2015,D2,6.121603
24,2015,D3,6.5707955
24,2015,D4,5.8858347
24,2015,D5,7.179751
24,2015,D6,7.003803
25,2015,D1,4.9573336
25,2015,D2,5.481633
25,2015,D3,5.668358
25,2015,D4,6.2693233
25,2015,D5,7.1985097
25,2015,D6,7.452815
26,2015,D1,5.158811
26,2015,D2,5.9418597
26,2015,D3,5.7441654
26,2015,D4,6.415821
26,2015,D5,7.184585
26,2015,D6,7.086823
27,2015,D1,5.2892985
27,2015,D2,5.8993406
27,2015,D3,6.053118
27,2015,D4,5.514982
27,2015,D5,6.914537
27,2015,D6,6.6873417
28,2015,D1,6.4440413
28,2015,D2,7.239541
28,2015,D3,7.505689
28,2015,D4,6.6665397
28,2015,D5,7.30238
28,2015,D6,7.171611
29,2015,D1,4.8688583
29,2015,D2,5.275046
29,2015,D3,6.140071
29,2015,D4,5.9395967
29,2015,D5,7.2056565
29,2015,D6,7.122945
30,2015,D1,5.286868
30,2015,D2,6.020316
30,2015,D3,6.4053698
30,2015,D4,6.6902547
30,2015,D5,6.7386956
30,2015,D6,7.024519
31,2015,D1,4.879218
31,2015,D2,5.3956246
31,2015,D3,5.5822735
31,2015,D4,6.020263
31,2015,D5,6.7120843
31,2015,D6,7.356228
32,2015,D1,5.068375
32,2015,D2,5.476704
32,2015,D3,5.8549466
32,2015,D4,5.5828333
32,2015,D5,7.175151
32,2015,D6,7.530273
33,2015,D1,5.864798
33,2015,D2,5.544469
33,2015,D3,5.519557
33,2015,D4,6.513218
33,2015,D5,6.418558
33,2015,D6,6.665182
34,2015,D1,4.0800033
34,2015,D2,4.6045647
34,2015,D3,5.3916345
34,2015,D4,5.37799
34,2015,D5,5.8951063
34,2015,D6,6.411692
35,2015,D1,4.799209
35,2015,D2,5.645652
35,2015,D3,5.9411736
35,2015,D4,6.111479
35,2015,D5,6.693518
35,2015,D6,6.901805
36,2015,D1,4.6376805
36,2015,D2,5.2144947
36,2015,D3,5.320215
36,2015,D4,5.2811084
36,2015,D5,6.2835417
36,2015,D6,7.0490794
37,2015,D1,4.469908
37,2015,D2,4.6951632
37,2015,D3,5.20008
37,2015,D4,5.546573
37,2015,D5,6.540922
37,2015,D6,6.942085
38,2015,D1,4.430585
38,2015,D2,4.494574
38,2015,D3,5.1707416
38,2015,D4,5.987932
38,2015,D5,6.4166746
38,2015,D6,7.371925
39,2015,D1,4.7315793
39,2015,D2,4.706601
39,2015,D3,5.56927
39,2015,D4,5.584617
39,2015,D5,6.941043
39,2015,D6,7.132246
40,2015,D1,4.380566
40,2015,D2,4.923413
40,2015,D3,5.751386
40,2015,D4,5.106947
40,2015,D5,6.3692856
40,2015,D6,6.775642
41,2015,D1,4.839014
41,2015,D2,5.33186
41,2015,D3,5.480218
41,2015,D4,5.466562
41,2015,D5,6.9015055
41,2015,D6,6.514363
42,2015,D1,4.600323
42,2015,D2,5.2783456
42,2015,D3,5.4351034
42,2015,D4,5.0693445
42,2015,D5,7.02151
42,2015,D6,7.130829
43,2015,D1,4.8411584
43,2015,D2,4.9197335
43,2015,D3,5.013139
43,2015,D4,5.9404216
43,2015,D5,6.376288
43,2015,D6,6.318679
44,2015,D1,4.675669
44,2015,D2,4.9196987
44,2015,D3,5.568984
44,2015,D4,5.2159142
44,2015,D5,6.759224
44,2015,D6,7.0733547
45,2015,D1,4.761776
45,2015,D2,5.6469045
45,2015,D3,5.6988177
45,2015,D4,5.672193
45,2015,D5,7.284407
45,2015,D6,6.3238826
46,2015,D1,4.8388414
46,2015,D2,4.738324
46,2015,D3,5.60659
46,2015,D4,6.5727735
46,2015,D5,6.8024626
46,2015,D6,7.1785717
47,2015,D1,4.2307205
47,2015,D2,5.3868737
47,2015,D3,4.7971625
47,2015,D4,4.869082
47,2015,D5,6.715881
47,2015,D6,6.865167
48,2015,D1,4.7773423
48,2015,D2,5.084137
48,2015,D3,5.6042843
48,2015,D4,5.8992586
48,2015,D5,6.767115
48,2015,D6,7.502705
49,2015,D1,4.3737736
49,2015,D2,5.1840053
49,2015,D3,5.1717033
49,2015,D4,5.692946
49,2015,D5,6.8280635
49,2015,D6,7.219943
50,2015,D1,4.266043
50,2015,D2,5.4145374
50,2015,D3,4.9689507
50,2015,D4,5.1402855
50,2015,D5,7.049416
50,2015,D6,7.384117
51,2015,D1,4.9436717
51,2015,D2,6.2561812
51,2015,D3,6.0293345
51,2015,D4,7.02916
51,2015,D5,7.456484
51,2015,D6,7.2338924
52,2015,D1,4.361555
52,2015,D2,4.9456677
52,2015,D3,5.221514
52,2015,D4,6.1533647
52,2015,D5,6.9578385
52,2015,D6,6.4187675
53,2015,D1,5.123762
53,2015,D2,5.816334
53,2015,D3,5.6560545
53,2015,D4,6.361141
53,2015,D5,7.0097065
53,2015,D6,6.8857
54,2015,D1,4.63258
54,2015,D2,4.803278
54,2015,D3,5.437135
54,2015,D4,7.270696
54,2015,D5,6.6830463
54,2015,D6,6.425289
55,2015,D1,4.5361037
55,2015,D2,5.4803405
55,2015,D3,5.7680945
55,2015,D4,6.5609503
55,2015,D5,6.6372175
55,2015,D6,7.755996
56,2015,D1,5.1620774
56,2015,D2,5.7296906
56,2015,D3,6.2418013
56,2015,D4,6.6826997
56,2015,D5,7.0371127
56,2015,D6,7.05728
57,2015,D1,4.3847084
57,2015,D2,4.823059
57,2015,D3,5.2849216
57,2015,D4,5.8526683
57,2015,D5,6.6524916
57,2015,D6,7.2904425
58,2015,D1,4.6176624
58,2015,D2,4.8182254
58,2015,D3,4.8247075
58,2015,D4,6.4052963
58,2015,D5,6.529671
58,2015,D6,7.2478385
59,2015,D1,5.113498
59,2015,D2,6.136488
59,2015,D3,6.2653637
59,2015,D4,7.2241697
59,2015,D5,7.386451
59,2015,D6,7.21817
60,2015,D1,4.34862
60,2015,D2,4.9768915
60,2015,D3,5.3188615
60,2015,D4,6.295865
60,2015,D5,6.1521826
60,2015,D6,6.6700516
61,2015,D1,4.8876634
61,2015,D2,5.230878
61,2015,D3,5.1611834
61,2015,D4,6.5903873
61,2015,D5,6.4417706
61,2015,D6,6.9579115
62,2015,D1,4.715172
62,2015,D2,4.7790504
62,2015,D3,5.5404134
62,2015,D4,6.4003296
62,2015,D5,6.578458
62,2015,D6,6.9501348
63,2015,D1,4.6055512
63,2015,D2,5.497462
63,2015,D3,5.6770053
63,2015,D4,6.3989363
63,2015,D5,6.8319793
63,2015,D6,6.810348
1,2016,D1,5.339402
1,2016,D2,5.274486
1,2016,D3,4.403687
1,2016,D4,5.823136
1,2016,D5,6.6352673
1,2016,D6,6.4813995
2,2016,D1,5.207546
2,2016,D2,5.4993987
2,2016,D3,4.442169
2,2016,D4,5.5294614
2,2016,D5,7.018959
2,2016,D6,6.6263223
3,2016,D1,5.35149
3,2016,D2,5.446347
3,2016,D3,5.051856
3,2016,D4,5.8969955
3,2016,D5,7.186898
3,2016,D6,6.6783967
4,2016,D1,5.584713
4,2016,D2,5.62771
4,2016,D3,5.0169773
4,2016,D4,5.690065
4,2016,D5,7.3774166
4,2016,D6,7.259056
5,2016,D1,5.7328143
5,2016,D2,5.8939886
5,2016,D3,4.894874
5,2016,D4,5.3356843
5,2016,D5,6.8313103
5,2016,D6,7.03404
6,2016,D1,5.4976783
6,2016,D2,5.1593623
6,2016,D3,4.8732104
6,2016,D4,5.164549
6,2016,D5,7.300868
6,2016,D6,6.680032
7,2016,D1,6.178725
7,2016,D2,6.2296376
7,2016,D3,5.173735
7,2016,D4,5.4395337
7,2016,D5,6.9829993
7,2016,D6,6.982417
8,2016,D1,5.0862694
8,2016,D2,5.1681023
8,2016,D3,4.723731
8,2016,D4,5.861181
8,2016,D5,6.7620716
8,2016,D6,6.9998784
9,2016,D1,6.3995185
9,2016,D2,6.342478
9,2016,D3,4.287098
9,2016,D4,6.4571605
9,2016,D5,7.2800803
9,2016,D6,7.008497
10,2016,D1,5.6112394
10,2016,D2,6.4777436
10,2016,D3,5.591481
10,2016,D4,6.6734605
10,2016,D5,7.3631024
10,2016,D6,6.8160596
11,2016,D1,5.54899
11,2016,D2,6.0494733
11,2016,D3,4.755337
11,2016,D4,6.1764064
11,2016,D5,7.1260214
11,2016,D6,6.7860684
12,2016,D1,5.0910683
12,2016,D2,5.3691306
12,2016,D3,4.330191
12,2016,D4,5.3956456
12,2016,D5,7.2283025
12,2016,D6,6.4618206
13,2016,D1,5.4829307
13,2016,D2,5.4778695
13,2016,D3,4.5279355
13,2016,D4,6.1282315
13,2016,D5,7.104685
13,2016,D6,6.8270144
14,2016,D1,5.7016
14,2016,D2,5.955574
14,2016,D3,5.0741835
14,2016,D4,5.525936
14,2016,D5,7.0683994
14,2016,D6,6.936591
15,2016,D1,5.3376985
15,2016,D2,5.076181
15,2016,D3,4.2613835
15,2016,D4,5.2389445
15,2016,D5,7.0872335
15,2016,D6,6.80452
16,2016,D1,5.64086
16,2016,D2,5.632907
16,2016,D3,4.1721764
16,2016,D4,5.8250327
16,2016,D5,7.155729
16,2016,D6,6.989588
17,2016,D1,6.720573
17,2016,D2,6.487867
17,2016,D3,4.6324744
17,2016,D4,5.720113
17,2016,D5,7.0414143
17,2016,D6,7.426144
18,2016,D1,4.859046
18,2016,D2,4.94476
18,2016,D3,4.924912
18,2016,D4,4.887998
18,2016,D5,6.9384775
18,2016,D6,6.4234233
19,2016,D1,5.944025
19,2016,D2,6.142077
19,2016,D3,5.6809435
19,2016,D4,6.1830707
19,2016,D5,6.9635463
19,2016,D6,7.1150866
20,2016,D1,4.9276786
20,2016,D2,5.410244
20,2016,D3,5.2965937
20,2016,D4,4.7956405
20,2016,D5,7.3031816
20,2016,D6,7.814068
21,2016,D1,6.01601
21,2016,D2,5.9167514
21,2016,D3,5.2750115
21,2016,D4,5.7266946
21,2016,D5,7.146149
21,2016,D6,7.375965
22,2016,D1,6.2415576
22,2016,D2,6.290453
22,2016,D3,4.426697
22,2016,D4,6.358981
22,2016,D5,7.017249
22,2016,D6,7.391198
23,2016,D1,5.5255375
23,2016,D2,5.4860373
23,2016,D3,5.6727324
23,2016,D4,6.122704
23,2016,D5,7.260165
23,2016,D6,6.9442706
24,2016,D1,5.854945
24,2016,D2,6.3331003
24,2016,D3,5.9035993
24,2016,D4,5.676274
24,2016,D5,7.0963807
24,2016,D6,6.8997736
25,2016,D1,5.834318
25,2016,D2,6.3419843
25,2016,D3,4.87709
25,2016,D4,6.062039
25,2016,D5,6.998506
25,2016,D6,7.297383
26,2016,D1,5.4725976
26,2016,D2,6.0151834
26,2016,D3,4.357538
26,2016,D4,6.052792
26,2016,D5,7.1997466
26,2016,D6,7.1794825
27,2016,D1,5.883611
27,2016,D2,5.343555
27,2016,D3,4.9810805
27,2016,D4,5.498677
27,2016,D5,7.251431
27,2016,D6,6.612396
28,2016,D1,6.8092866
28,2016,D2,6.1388373
28,2016,D3,4.905707
28,2016,D4,6.724648
28,2016,D5,7.5147123
28,2016,D6,7.223264
29,2016,D1,6.1614747
29,2016,D2,6.2724457
29,2016,D3,4.9044785
29,2016,D4,6.283563
29,2016,D5,7.669574
29,2016,D6,7.114734
30,2016,D1,5.965748
30,2016,D2,6.079281
30,2016,D3,5.481751
30,2016,D4,6.55964
30,2016,D5,7.108556
30,2016,D6,6.8698883
31,2016,D1,5.102559
31,2016,D2,5.1397104
31,2016,D3,5.244911
31,2016,D4,5.6140356
31,2016,D5,6.7513256
31,2016,D6,7.485588
32,2016,D1,5.2748885
32,2016,D2,6.0238733
32,2016,D3,5.8166337
32,2016,D4,6.1004167
32,2016,D5,7.3365474
32,2016,D6,8.027691
33,2016,D1,5.9114714
33,2016,D2,5.4364357
33,2016,D3,5.118537
33,2016,D4,5.916279
33,2016,D5,6.8168364
33,2016,D6,6.792438
34,2016,D1,5.3360357
34,2016,D2,5.886715
34,2016,D3,5.966983
34,2016,D4,5.7429647
34,2016,D5,7.435493
34,2016,D6,6.422164
35,2016,D1,5.6006627
35,2016,D2,6.1059537
35,2016,D3,4.929651
35,2016,D4,6.6423373
35,2016,D5,7.0131693
35,2016,D6,7.2302284
36,2016,D1,4.6571054
36,2016,D2,5.605434
36,2016,D3,4.638539
36,2016,D4,6.1070256
36,2016,D5,7.038894
36,2016,D6,6.6922426
37,2016,D1,4.8322716
37,2016,D2,4.940207
37,2016,D3,4.4356003
37,2016,D4,5.994659
37,2016,D5,6.9532976
37,2016,D6,7.0896735
38,2016,D1,5.476952
38,2016,D2,5.812203
38,2016,D3,4.694324
38,2016,D4,6.497758
38,2016,D5,7.316427
38,2016,D6,7.42439
39,2016,D1,5.020813
39,2016,D2,5.102129
39,2016,D3,5.2005186
39,2016,D4,5.410277
39,2016,D5,7.071662
39,2016,D6,6.975567
40,2016,D1,5.190382
40,2016,D2,5.15392
40,2016,D3,5.414471
40,2016,D4,5.3664236
40,2016,D5,6.799055
40,2016,D6,6.8789277
41,2016,D1,5.465195
41,2016,D2,5.092511
41,2016,D3,4.85368
41,2016,D4,5.4397445
41,2016,D5,6.9588327
41,2016,D6,6.6510625
42,2016,D1,5.7898936
42,2016,D2,5.4898615
42,2016,D3,4.832871
42,2016,D4,5.5975885
42,2016,D5,7.1670613
42,2016,D6,6.775785
43,2016,D1,5.4293094
43,2016,D2,5.610696
43,2016,D3,5.2054043
43,2016,D4,5.935464
43,2016,D5,6.7764015
43,2016,D6,6.9283233
44,2016,D1,5.393431
44,2016,D2,5.32315
44,2016,D3,5.1655536
44,2016,D4,5.4956274
44,2016,D5,6.8010473
44,2016,D6,7.020598
45,2016,D1,5.340886
45,2016,D2,5.941072
45,2016,D3,4.8150973
45,2016,D4,5.4913855
45,2016,D5,7.045962
45,2016,D6,6.8955564
46,2016,D1,5.2463536
46,2016,D2,5.6106815
46,2016,D3,5.334735
46,2016,D4,6.5068007
46,2016,D5,7.00058
46,2016,D6,7.163253
47,2016,D1,4.4705215
47,2016,D2,5.278157
47,2016,D3,4.4470887
47,2016,D4,4.312315
47,2016,D5,6.953768
47,2016,D6,7.130433
48,2016,D1,5.0280128
48,2016,D2,5.6470523
48,2016,D3,4.24273
48,2016,D4,5.9102488
48,2016,D5,7.1839447
48,2016,D6,6.8499
49,2016,D1,4.8800635
49,2016,D2,5.505141
49,2016,D3,5.6531134
49,2016,D4,5.4672737
49,2016,D5,6.975508
49,2016,D6,7.816868
50,2016,D1,4.6999116
50,2016,D2,5.752261
50,2016,D3,4.9167833
50,2016,D4,5.0314865
50,2016,D5,6.9959
50,2016,D6,7.509968
51,2016,D1,5.58568
51,2016,D2,5.846706
51,2016,D3,4.530453
51,2016,D4,6.559136
51,2016,D5,7.233051
51,2016,D6,6.951138
52,2016,D1,5.0630918
52,2016,D2,5.8008833
52,2016,D3,4.9384
52,2016,D4,6.9926667
52,2016,D5,7.2512164
52,2016,D6,6.515361
53,2016,D1,5.1398025
53,2016,D2,5.77529
53,2016,D3,5.683494
53,2016,D4,6.977348
53,2016,D5,7.4566975
53,2016,D6,7.333324
54,2016,D1,4.429068
54,2016,D2,4.819333
54,2016,D3,4.413287
54,2016,D4,6.161191
54,2016,D5,6.959501
54,2016,D6,6.842146
55,2016,D1,5.124632
55,2016,D2,5.528664
55,2016,D3,4.520629
55,2016,D4,6.365924
55,2016,D5,7.4276443
55,2016,D6,7.1092863
56,2016,D1,5.2829986
56,2016,D2,5.6014543
56,2016,D3,5.4675093
56,2016,D4,6.7701883
56,2016,D5,7.663415
56,2016,D6,7.0905547
57,2016,D1,4.480678
57,2016,D2,5.6013722
57,2016,D3,5.039397
57,2016,D4,5.764218
57,2016,D5,7.207783
57,2016,D6,7.5404325
58,2016,D1,4.5740404
58,2016,D2,5.057424
58,2016,D3,4.133784
58,2016,D4,5.65599
58,2016,D5,6.7193136
58,2016,D6,7.056069
59,2016,D1,5.7932796
59,2016,D2,5.940704
59,2016,D3,5.6911807
59,2016,D4,7.1360626
59,2016,D5,7.4067135
59,2016,D6,7.6041856
60,2016,D1,5.184701
60,2016,D2,4.958838
60,2016,D3,4.5695434
60,2016,D4,6.3993983
60,2016,D5,6.9626136
60,2016,D6,6.555203
61,2016,D1,5.044725
61,2016,D2,4.8215947
61,2016,D3,5.213624
61,2016,D4,5.7544413
61,2016,D5,7.434506
61,2016,D6,7.210568
62,2016,D1,4.804978
62,2016,D2,4.8113475
62,2016,D3,4.564179
62,2016,D4,5.383426
62,2016,D5,6.815893
62,2016,D6,6.959182
63,2016,D1,4.6055174
63,2016,D2,4.812244
63,2016,D3,5.1097317
63,2016,D4,6.118039
63,2016,D5,7.0105705
63,2016,D6,6.5666065
1,2017,D1,5.023411
1,2017,D2,5.572124
1,2017,D3,4.596286
1,2017,D4,5.3025317
1,2017,D5,6.7935963
1,2017,D6,6.6843457
2,2017,D1,5.189715
2,2017,D2,5.7768784
2,2017,D3,5.4277763
2,2017,D4,5.958287
2,2017,D5,6.778187
2,2017,D6,6.715803
3,2017,D1,5.394559
3,2017,D2,5.2951756
3,2017,D3,4.3235855
3,2017,D4,5.6057105
3,2017,D5,6.8075085
3,2017,D6,6.9116435
4,2017,D1,5.688063
4,2017,D2,6.134406
4,2017,D3,5.389397
4,2017,D4,6.1876054
4,2017,D5,7.039444
4,2017,D6,7.058143
5,2017,D1,5.2122383
5,2017,D2,5.8755393
5,2017,D3,5.5622587
5,2017,D4,6.534048
5,2017,D5,6.8097196
5,2017,D6,7.0029593
6,2017,D1,5.0248055
6,2017,D2,5.197022
6,2017,D3,4.5462627
6,2017,D4,5.8039093
6,2017,D5,7.0493875
6,2017,D6,6.7549973
7,2017,D1,6.091667
7,2017,D2,6.204551
7,2017,D3,5.3253155
7,2017,D4,5.6799626
7,2017,D5,7.1632524
7,2017,D6,7.0636573
8,2017,D1,5.2383294
8,2017,D2,5.2783704
8,2017,D3,4.763943
8,2017,D4,5.823544
8,2017,D5,6.9333825
8,2017,D6,6.9260154
9,2017,D1,6.037317
9,2017,D2,5.8143945
9,2017,D3,4.951405
9,2017,D4,6.1489797
9,2017,D5,7.16062
9,2017,D6,7.0558558
10,2017,D1,5.3638897
10,2017,D2,6.1902943
10,2017,D3,4.9661884
10,2017,D4,6.5603867
10,2017,D5,7.418926
10,2017,D6,6.782237
11,2017,D1,4.9884534
11,2017,D2,5.627466
11,2017,D3,5.061373
11,2017,D4,6.2497144
11,2017,D5,6.988772
11,2017,D6,6.868732
12,2017,D1,4.8571234
12,2017,D2,5.139941
12,2017,D3,4.097179
12,2017,D4,5.3236685
12,2017,D5,6.8888044
12,2017,D6,6.7898917
13,2017,D1,5.3504734
13,2017,D2,5.4559784
13,2017,D3,5.139862
13,2017,D4,6.081858
13,2017,D5,6.935006
13,2017,D6,6.6668134
14,2017,D1,5.7976966
14,2017,D2,5.820069
14,2017,D3,5.2966647
14,2017,D4,5.9776564
14,2017,D5,7.1296177
14,2017,D6,7.2426734
15,2017,D1,5.2509527
15,2017,D2,5.265073
15,2017,D3,4.6120553
15,2017,D4,5.5218587
15,2017,D5,6.9653497
15,2017,D6,7.0160146
16,2017,D1,5.2778726
16,2017,D2,5.315242
16,2017,D3,4.7917547
16,2017,D4,6.3395157
16,2017,D5,7.158129
16,2017,D6,7.002924
17,2017,D1,6.3924975
17,2017,D2,6.2935047
17,2017,D3,5.0875106
17,2017,D4,6.3357835
17,2017,D5,7.3411646
17,2017,D6,7.7538533
18,2017,D1,5.908883
18,2017,D2,5.8508005
18,2017,D3,4.8171253
18,2017,D4,6.282138
18,2017,D5,7.0307417
18,2017,D6,6.830081
19,2017,D1,6.2821693
19,2017,D2,6.417253
19,2017,D3,4.9437428
19,2017,D4,6.613861
19,2017,D5,7.1751494
19,2017,D6,7.2960234
20,2017,D1,5.216239
20,2017,D2,6.111527
20,2017,D3,5.143568
20,2017,D4,4.3623953
20,2017,D5,7.474358
20,2017,D6,7.4997406
21,2017,D1,5.8617816
21,2017,D2,5.366099
21,2017,D3,5.0929766
21,2017,D4,5.1478205
21,2017,D5,6.9310827
21,2017,D6,7.462559
22,2017,D1,6.1174583
22,2017,D2,5.9232244
22,2017,D3,5.7401834
22,2017,D4,6.2424254
22,2017,D5,7.069336
22,2017,D6,7.217283
23,2017,D1,5.96356
23,2017,D2,5.6537285
23,2017,D3,6.078688
23,2017,D4,5.833863
23,2017,D5,6.942693
23,2017,D6,7.106308
24,2017,D1,5.8115664
24,2017,D2,6.079891
24,2017,D3,6.247622
24,2017,D4,6.505349
24,2017,D5,7.4731913
24,2017,D6,7.197215
25,2017,D1,5.6921687
25,2017,D2,6.2271166
25,2017,D3,5.191188
25,2017,D4,6.098135
25,2017,D5,7.3676715
25,2017,D6,7.1717224
26,2017,D1,5.299955
26,2017,D2,5.845718
26,2017,D3,5.252438
26,2017,D4,6.5984807
26,2017,D5,7.2754526
26,2017,D6,7.0755134
27,2017,D1,5.633553
27,2017,D2,5.51083
27,2017,D3,5.0228086
27,2017,D4,5.855597
27,2017,D5,7.0499496
27,2017,D6,6.6811576
28,2017,D1,6.4058723
28,2017,D2,6.3585777
28,2017,D3,4.654139
28,2017,D4,6.5566964
28,2017,D5,7.1146245
28,2017,D6,7.10679
29,2017,D1,5.8081546
29,2017,D2,6.4712243
29,2017,D3,5.4180264
29,2017,D4,7.1504283
29,2017,D5,7.45398
29,2017,D6,7.225594
30,2017,D1,5.614871
30,2017,D2,5.920826
30,2017,D3,5.5125103
30,2017,D4,6.321844
30,2017,D5,6.8883204
30,2017,D6,7.3750973
31,2017,D1,5.177451
31,2017,D2,5.4969163
31,2017,D3,4.7392273
31,2017,D4,6.212055
31,2017,D5,7.083101
31,2017,D6,7.3232775
32,2017,D1,5.1593437
32,2017,D2,5.510844
32,2017,D3,4.7130203
32,2017,D4,6.9601817
32,2017,D5,7.4098153
32,2017,D6,7.4526577
33,2017,D1,5.967687
33,2017,D2,5.4589725
33,2017,D3,4.980875
33,2017,D4,6.730583
33,2017,D5,6.976028
33,2017,D6,6.9623823
34,2017,D1,4.938002
34,2017,D2,5.2649894
34,2017,D3,5.45475
34,2017,D4,6.6214805
34,2017,D5,7.323862
34,2017,D6,6.64982
35,2017,D1,5.512038
35,2017,D2,5.723892
35,2017,D3,5.3604717
35,2017,D4,7.1901937
35,2017,D5,7.251824
35,2017,D6,7.309239
36,2017,D1,5.0864706
36,2017,D2,5.518837
36,2017,D3,5.3034253
36,2017,D4,6.2321887
36,2017,D5,7.123087
36,2017,D6,7.0133843
37,2017,D1,5.2102385
37,2017,D2,5.4226327
37,2017,D3,4.84317
37,2017,D4,5.975087
37,2017,D5,6.8942266
37,2017,D6,7.2300334
38,2017,D1,5.0838747
38,2017,D2,5.4851584
38,2017,D3,5.1437683
38,2017,D4,6.6392865
38,2017,D5,7.3030343
38,2017,D6,7.276115
39,2017,D1,4.8564897
39,2017,D2,5.1229534
39,2017,D3,4.5644717
39,2017,D4,6.351864
39,2017,D5,7.064605
39,2017,D6,6.8817706
40,2017,D1,5.189234
40,2017,D2,5.0856133
40,2017,D3,5.4007015
40,2017,D4,5.4282017
40,2017,D5,7.111851
40,2017,D6,6.902324
41,2017,D1,5.286696
41,2017,D2,5.47423
41,2017,D3,4.2783704
41,2017,D4,5.710668
41,2017,D5,6.9934278
41,2017,D6,6.800269
42,2017,D1,5.2109456
42,2017,D2,5.169754
42,2017,D3,4.8155174
42,2017,D4,5.2028437
42,2017,D5,7.241484
42,2017,D6,7.00293
43,2017,D1,5.247921
43,2017,D2,5.60666
43,2017,D3,4.3973994
43,2017,D4,5.090811
43,2017,D5,7.1802754
43,2017,D6,7.046189
44,2017,D1,5.5804987
44,2017,D2,5.3327928
44,2017,D3,4.5118403
44,2017,D4,5.960229
44,2017,D5,6.8133774
44,2017,D6,7.0089784
45,2017,D1,5.2665358
45,2017,D2,5.928512
45,2017,D3,5.4349904
45,2017,D4,5.940689
45,2017,D5,7.548331
45,2017,D6,6.877344
46,2017,D1,4.9217024
46,2017,D2,5.59101
46,2017,D3,5.399018
46,2017,D4,6.8888426
46,2017,D5,7.38642
46,2017,D6,7.147477
47,2017,D1,4.333288
47,2017,D2,5.5402417
47,2017,D3,5.0460353
47,2017,D4,4.991746
47,2017,D5,6.9693356
47,2017,D6,6.60592
48,2017,D1,5.294135
48,2017,D2,5.6916027
48,2017,D3,5.2103925
48,2017,D4,6.346078
48,2017,D5,7.425093
48,2017,D6,6.932289
49,2017,D1,5.590673
49,2017,D2,6.3374257
49,2017,D3,5.1790395
49,2017,D4,6.7532754
49,2017,D5,7.228951
49,2017,D6,7.825727
50,2017,D1,4.6962433
50,2017,D2,5.9334536
50,2017,D3,5.1492996
50,2017,D4,5.464651
50,2017,D5,7.0400944
50,2017,D6,7.59967
51,2017,D1,5.4242687
51,2017,D2,6.177075
51,2017,D3,4.926612
51,2017,D4,7.2251186
51,2017,D5,7.2634654
51,2017,D6,7.282765
52,2017,D1,4.826642
52,2017,D2,5.21339
52,2017,D3,4.719706
52,2017,D4,6.960179
52,2017,D5,7.300766
52,2017,D6,6.618098
53,2017,D1,5.6041965
53,2017,D2,5.9927115
53,2017,D3,5.3943195
53,2017,D4,7.162267
53,2017,D5,7.692492
53,2017,D6,7.6707416
54,2017,D1,5.2732267
54,2017,D2,5.2119536
54,2017,D3,4.4253855
54,2017,D4,6.7115397
54,2017,D5,7.427856
54,2017,D6,7.2823343
55,2017,D1,4.9148474
55,2017,D2,5.4222007
55,2017,D3,5.559978
55,2017,D4,6.676583
55,2017,D5,7.303366
55,2017,D6,7.78201
56,2017,D1,5.187058
56,2017,D2,5.801688
56,2017,D3,5.3449535
56,2017,D4,6.3205686
56,2017,D5,7.5994883
56,2017,D6,7.083149
57,2017,D1,5.2445455
57,2017,D2,5.8857884
57,2017,D3,4.5562987
57,2017,D4,6.9476547
57,2017,D5,7.263467
57,2017,D6,7.6142097
58,2017,D1,5.1901116
58,2017,D2,5.2608933
58,2017,D3,4.4568653
58,2017,D4,6.2695003
58,2017,D5,7.067014
58,2017,D6,7.46866
59,2017,D1,5.555419
59,2017,D2,6.1181445
59,2017,D3,5.0401144
59,2017,D4,7.155165
59,2017,D5,6.952831
59,2017,D6,7.479682
60,2017,D1,4.548573
60,2017,D2,5.453082
60,2017,D3,5.4339657
60,2017,D4,6.61324
60,2017,D5,7.144798
60,2017,D6,6.9809933
61,2017,D1,4.8028164
61,2017,D2,4.988208
61,2017,D3,4.6567154
61,2017,D4,6.446083
61,2017,D5,7.15646
61,2017,D6,7.0535994
62,2017,D1,5.792016
62,2017,D2,6.3332014
62,2017,D3,4.9181743
62,2017,D4,6.8496947
62,2017,D5,7.4040184
62,2017,D6,7.426376
63,2017,D1,4.6476727
63,2017,D2,5.3226023
63,2017,D3,5.169138
63,2017,D4,6.2611566
63,2017,D5,7.269046
63,2017,D6,6.2804766
1,2018,D1,5.2612214
1,2018,D2,5.345124
1,2018,D3,4.81671
1,2018,D4,6.161825
1,2018,D5,7.297372
1,2018,D6,6.858574
1,2018,D7,4.56505
1,2018,D8,3.4226997
2,2018,D1,5.3646297
2,2018,D2,5.294187
2,2018,D3,5.153909
2,2018,D4,6.493711
2,2018,D5,6.954841
2,2018,D6,6.7258897
2,2018,D7,4.9154763
2,2018,D8,3.173345
3,2018,D1,5.301211
3,2018,D2,5.365598
3,2018,D3,5.045471
3,2018,D4,6.445158
3,2018,D5,7.3954134
3,2018,D6,7.0030603
3,2018,D7,4.8864822
3,2018,D8,2.920166
4,2018,D1,5.7795663
4,2018,D2,5.3748493
4,2018,D3,5.1394167
4,2018,D4,6.248112
4,2018,D5,7.3414636
4,2018,D6,7.183629
4,2018,D7,4.3696713
4,2018,D8,3.472928
5,2018,D1,5.412219
5,2018,D2,5.4480195
5,2018,D3,4.8938937
5,2018,D4,6.376172
5,2018,D5,7.3253694
5,2018,D6,7.172312
5,2018,D7,4.30349
5,2018,D8,3.441649
6,2018,D1,5.5224695
6,2018,D2,5.258777
6,2018,D3,5.018224
6,2018,D4,6.2632384
6,2018,D5,7.656323
6,2018,D6,7.1581316
6,2018,D7,4.514816
6,2018,D8,3.40396
7,2018,D1,5.8036313
7,2018,D2,5.9953556
7,2018,D3,5.601267
7,2018,D4,6.2075214
7,2018,D5,7.597583
7,2018,D6,7.029667
7,2018,D7,3.656512
7,2018,D8,3.7644742
8,2018,D1,5.5416927
8,2018,D2,5.85091
8,2018,D3,5.1637855
8,2018,D4,7.0667734
8,2018,D5,7.6616025
8,2018,D6,7.1449084
8,2018,D7,5.194946
8,2018,D8,3.4287117
9,2018,D1,5.8393574
9,2018,D2,5.761758
9,2018,D3,4.9075227
9,2018,D4,6.573548
9,2018,D5,7.7021275
9,2018,D6,7.3672204
9,2018,D7,4.8808284
9,2018,D8,3.801344
10,2018,D1,5.4616904
10,2018,D2,5.4118423
10,2018,D3,4.9466443
10,2018,D4,7.0778785
10,2018,D5,7.460539
10,2018,D6,6.86791
10,2018,D7,4.641976
10,2018,D8,2.8472629
11,2018,D1,4.9511366
11,2018,D2,5.398293
11,2018,D3,4.771644
11,2018,D4,6.4574394
11,2018,D5,7.195051
11,2018,D6,6.9583173
11,2018,D7,4.8480816
11,2018,D8,2.8111262
12,2018,D1,5.261253
12,2018,D2,5.2312846
12,2018,D3,4.869429
12,2018,D4,6.687099
12,2018,D5,7.53936
12,2018,D6,7.01059
12,2018,D7,4.7157726
12,2018,D8,3.1039598
13,2018,D1,5.304954
13,2018,D2,5.161041
13,2018,D3,5.1122394
13,2018,D4,6.5229073
13,2018,D5,7.4914684
13,2018,D6,6.9532123
13,2018,D7,4.492702
13,2018,D8,2.7409463
14,2018,D1,5.875386
14,2018,D2,5.4192333
14,2018,D3,4.8547587
14,2018,D4,6.1347795
14,2018,D5,7.3205404
14,2018,D6,7.3127437
14,2018,D7,3.8900764
14,2018,D8,3.6572683
15,2018,D1,5.215618
15,2018,D2,5.0868897
15,2018,D3,4.611254
15,2018,D4,6.0759053
15,2018,D5,7.4994454
15,2018,D6,6.9270844
15,2018,D7,3.5837457
15,2018,D8,3.3195248
16,2018,D1,5.960288
16,2018,D2,5.1591525
16,2018,D3,5.0539336
16,2018,D4,7.0642276
16,2018,D5,7.463074
16,2018,D6,6.915986
16,2018,D7,4.0827556
16,2018,D8,3.3676116
17,2018,D1,5.6471734
17,2018,D2,5.515112
17,2018,D3,5.151428
17,2018,D4,6.6215405
17,2018,D5,7.3558803
17,2018,D6,7.361326
17,2018,D7,4.498277
17,2018,D8,3.5865848
18,2018,D1,5.855681
18,2018,D3,5.104842
18,2018,D5,7.9470267
18,2018,D6,7.4371033
18,2018,D7,5.9338593
18,2018,D8,3.704681
19,2018,D1,5.8282595
19,2018,D2,5.3434095
19,2018,D3,4.7164474
19,2018,D4,6.2252855
19,2018,D5,7.257165
19,2018,D6,7.169497
19,2018,D7,4.1951585
19,2018,D8,3.0221112
20,2018,D1,5.4423413
20,2018,D2,5.0833945
20,2018,D3,4.8713813
20,2018,D4,5.516775
20,2018,D5,7.4028535
20,2018,D6,7.135508
20,2018,D7,3.6964667
20,2018,D8,3.6517317
21,2018,D1,5.6526423
21,2018,D2,4.966155
21,2018,D3,4.935389
21,2018,D4,6.5336914
21,2018,D5,7.354039
21,2018,D6,7.339763
21,2018,D7,3.5364537
21,2018,D8,3.2623763
22,2018,D1,6.1640124
22,2018,D2,5.7352786
22,2018,D3,4.959736
22,2018,D4,6.493348
22,2018,D5,7.2838254
22,2018,D6,7.2235928
22,2018,D7,4.21657
22,2018,D8,3.045876
23,2018,D1,5.5136604
23,2018,D2,5.353643
23,2018,D3,4.83462
23,2018,D4,5.983913
23,2018,D5,7.5892944
23,2018,D6,7.530685
23,2018,D7,3.5901902
23,2018,D8,3.1436322
24,2018,D1,5.4011564
24,2018,D2,5.631327
24,2018,D3,4.738866
24,2018,D4,6.578161
24,2018,D5,7.4897738
24,2018,D6,7.445677
24,2018,D7,4.466456
24,2018,D8,2.8769922
25,2018,D1,5.4699554
25,2018,D2,5.552429
25,2018,D3,5.093444
25,2018,D4,6.9356384
25,2018,D5,7.568575
25,2018,D6,7.348954
25,2018,D7,4.6262784
25,2018,D8,3.2122903
26,2018,D1,5.572219
26,2018,D2,5.7021646
26,2018,D3,5.315747
26,2018,D4,6.3567877
26,2018,D5,7.4936395
26,2018,D6,7.1734505
26,2018,D7,4.6182957
26,2018,D8,3.4546044
27,2018,D1,5.9849777
27,2018,D2,5.673759
27,2018,D3,5.4773574
27,2018,D4,6.5267987
27,2018,D5,7.5275984
27,2018,D6,7.2006164
27,2018,D7,4.4785166
27,2018,D8,3.7027369
28,2018,D1,5.9489694
28,2018,D2,5.6756887
28,2018,D3,5.5406103
28,2018,D4,6.6013007
28,2018,D5,7.625574
28,2018,D6,6.966876
28,2018,D7,4.3890533
28,2018,D8,3.3226278
29,2018,D1,5.5649943
29,2018,D2,5.706756
29,2018,D3,5.5666184
29,2018,D4,6.7940664
29,2018,D5,7.6490245
29,2018,D6,7.279707
29,2018,D7,4.7584295
29,2018,D8,2.9532716
30,2018,D1,5.6166453
30,2018,D2,5.5251265
30,2018,D3,5.505624
30,2018,D4,7.3695393
30,2018,D5,7.1946535
30,2018,D6,7.0617146
30,2018,D7,4.7619214
30,2018,D8,3.0482082
31,2018,D1,4.8522243
31,2018,D2,5.3997936
31,2018,D3,4.3841925
31,2018,D4,6.7560205
31,2018,D5,7.3711715
31,2018,D6,7.0012445
31,2018,D7,4.7884784
31,2018,D8,2.651918
32,2018,D1,5.132694
32,2018,D2,5.653581
32,2018,D3,4.551835
32,2018,D4,6.510013
32,2018,D5,7.494908
32,2018,D6,7.676857
32,2018,D7,4.103612
32,2018,D8,4.237659
33,2018,D1,5.271428
33,2018,D2,5.049155
33,2018,D3,4.988571
33,2018,D4,6.6409926
33,2018,D5,7.015795
33,2018,D6,7.0223627
33,2018,D7,4.681519
33,2018,D8,2.4653041
34,2018,D1,5.3661017
34,2018,D2,4.818913
34,2018,D3,5.024954
34,2018,D4,6.0792913
34,2018,D5,7.0476274
34,2018,D6,6.7190123
34,2018,D7,4.343534
34,2018,D8,1.9329165
35,2018,D1,4.8711963
35,2018,D2,4.8332014
35,2018,D3,4.518644
35,2018,D4,6.2339783
35,2018,D5,6.8980217
35,2018,D6,6.935574
35,2018,D7,4.018246
35,2018,D8,2.733485
36,2018,D1,4.8040733
36,2018,D2,4.9341483
36,2018,D3,4.9536524
36,2018,D4,6.5602417
36,2018,D5,7.1370206
36,2018,D6,6.9484525
36,2018,D7,4.933311
36,2018,D8,2.1572478
37,2018,D1,4.40926
37,2018,D2,4.5930595
37,2018,D3,4.7045617
37,2018,D4,6.486958
37,2018,D5,7.287897
37,2018,D6,7.4839497
37,2018,D7,4.4291015
37,2018,D8,2.7763786
38,2018,D1,5.3887167
38,2018,D2,5.3623505
38,2018,D3,5.01648
38,2018,D4,6.9124947
38,2018,D5,7.526826
38,2018,D6,7.6751633
38,2018,D7,4.8714085
38,2018,D8,2.6684034
39,2018,D1,5.0531187
39,2018,D2,4.6362033
39,2018,D3,4.4818635
39,2018,D4,6.489845
39,2018,D5,7.3736024
39,2018,D6,6.8718596
39,2018,D7,4.0719886
39,2018,D8,2.6260457
40,2018,D1,5.9416466
40,2018,D2,5.257798
40,2018,D3,4.9549127
40,2018,D4,6.0331044
40,2018,D5,7.2527494
40,2018,D6,6.7416797
40,2018,D7,3.9787755
40,2018,D8,3.0614696
41,2018,D1,5.135182
41,2018,D2,5.1950984
41,2018,D3,4.914514
41,2018,D4,6.3529105
41,2018,D5,7.1391964
41,2018,D6,6.721133
41,2018,D7,4.196465
41,2018,D8,3.292768
42,2018,D1,4.983944
42,2018,D2,5.104677
42,2018,D3,4.9816875
42,2018,D4,5.812615
42,2018,D5,7.343358
42,2018,D6,6.975039
42,2018,D7,4.0568767
42,2018,D8,3.068577
43,2018,D1,5.540057
43,2018,D2,5.528627
43,2018,D3,5.326787
43,2018,D4,6.6836963
43,2018,D5,7.391334
43,2018,D6,6.5805817
43,2018,D7,4.3573375
43,2018,D8,3.1791885
44,2018,D1,5.8363023
44,2018,D2,5.036633
44,2018,D3,5.1400194
44,2018,D4,6.2475705
44,2018,D5,6.9133224
44,2018,D6,6.8270345
44,2018,D7,3.8476717
44,2018,D8,3.0296078
45,2018,D1,5.8579693
45,2018,D2,5.3775945
45,2018,D3,5.220641
45,2018,D4,6.2988358
45,2018,D5,7.419936
45,2018,D6,6.716058
45,2018,D7,4.0329304
45,2018,D8,3.4803953
46,2018,D1,4.8815446
46,2018,D2,4.790761
46,2018,D3,4.7561316
46,2018,D4,7.244371
46,2018,D5,7.5103374
46,2018,D6,7.012757
46,2018,D7,4.937291
46,2018,D8,2.4504466
47,2018,D1,5.2771907
47,2018,D2,5.2321506
47,2018,D3,4.86449
47,2018,D4,6.816759
47,2018,D5,7.43725
47,2018,D6,6.576927
47,2018,D7,4.215905
47,2018,D8,3.0768712
48,2018,D1,5.3148894
48,2018,D2,4.875576
48,2018,D3,4.9839873
48,2018,D4,6.2827144
48,2018,D5,7.373606
48,2018,D6,6.806549
48,2018,D7,4.2611995
48,2018,D8,3.189402
49,2018,D1,5.150294
49,2018,D2,5.6262784
49,2018,D3,5.2029724
49,2018,D4,6.2511163
49,2018,D5,7.361154
49,2018,D6,7.290636
49,2018,D7,4.217911
49,2018,D8,3.19465
50,2018,D1,4.8357644
50,2018,D2,5.2285542
50,2018,D3,4.6568923
50,2018,D4,5.94626
50,2018,D5,7.1433673
50,2018,D6,6.9310093
50,2018,D7,3.672358
50,2018,D8,3.9867954
51,2018,D1,5.1803474
51,2018,D2,5.1101003
51,2018,D3,4.7119064
51,2018,D4,6.9047866
51,2018,D5,7.137914
51,2018,D6,7.12453
51,2018,D7,4.628319
51,2018,D8,2.793777
52,2018,D1,4.9555583
52,2018,D2,4.80324
52,2018,D3,4.314774
52,2018,D4,7.0905843
52,2018,D5,7.2107058
52,2018,D6,6.822501
52,2018,D7,4.8032503
52,2018,D8,2.1006835
53,2018,D1,5.210022
53,2018,D2,5.4954123
53,2018,D3,5.195479
53,2018,D4,7.60922
53,2018,D5,7.7422132
53,2018,D6,7.3094583
53,2018,D7,5.4090257
53,2018,D8,3.0793319
54,2018,D1,4.4739203
54,2018,D2,4.6518965
54,2018,D3,4.748123
54,2018,D4,6.8383055
54,2018,D5,7.7723317
54,2018,D6,7.061988
54,2018,D7,4.8293247
54,2018,D8,2.6829042
55,2018,D1,4.453776
55,2018,D2,5.0172243
55,2018,D3,4.69817
55,2018,D4,7.0104523
55,2018,D5,7.480531
55,2018,D6,7.323572
55,2018,D7,5.7500916
55,2018,D8,2.9164426
56,2018,D1,5.428639
56,2018,D3,4.988615
56,2018,D5,7.5534015
56,2018,D6,7.358961
56,2018,D7,6.7407575
56,2018,D8,2.7931514
57,2018,D1,4.5598207
57,2018,D2,5.147236
57,2018,D3,4.720243
57,2018,D4,6.932882
57,2018,D5,7.3311796
57,2018,D6,7.492236
57,2018,D7,5.6691055
57,2018,D8,2.5775774
58,2018,D1,4.6669364
58,2018,D2,4.8661394
58,2018,D3,4.6530433
58,2018,D4,6.3463616
58,2018,D5,7.597168
58,2018,D6,6.881971
58,2018,D7,4.990159
58,2018,D8,2.7697268
59,2018,D1,5.034967
59,2018,D2,5.5293303
59,2018,D3,4.811058
59,2018,D4,6.9845185
59,2018,D5,7.558934
59,2018,D6,7.4040966
59,2018,D7,5.8299284
59,2018,D8,2.9079435
60,2018,D1,4.519514
60,2018,D2,4.548412
60,2018,D3,4.8366737
60,2018,D4,6.2124853
60,2018,D5,7.2819915
60,2018,D6,6.951975
60,2018,D7,5.6366854
60,2018,D8,2.0677454
61,2018,D1,4.899234
61,2018,D2,5.022701
61,2018,D3,4.832991
61,2018,D4,6.7953577
61,2018,D5,7.4415507
61,2018,D6,7.0330615
61,2018,D7,5.0155597
61,2018,D8,2.3332195
62,2018,D1,4.799016
62,2018,D2,4.659213
62,2018,D3,4.8402057
62,2018,D4,6.298947
62,2018,D5,7.39956
62,2018,D6,7.2724876
62,2018,D7,4.5778346
62,2018,D8,2.3989158
63,2018,D1,5.402183
63,2018,D2,5.0682898
63,2018,D3,5.1297274
63,2018,D4,6.7256694
63,2018,D5,7.5235863
63,2018,D6,6.7909656
63,2018,D7,5.094355
63,2018,D8,3.0740888
1,2019,D1,5.231886
1,2019,D2,5.4201975
1,2019,D3,4.7369413
1,2019,D4,6.050859
1,2019,D5,7.4015427
1,2019,D6,7.1155553
1,2019,D7,3.7877553
1,2019,D8,2.6738229
2,2019,D1,4.78691
2,2019,D2,5.6003575
2,2019,D3,5.1605163
2,2019,D4,6.5753403
2,2019,D5,7.240128
2,2019,D6,6.87104
2,2019,D7,4.5624933
2,2019,D8,4.0155606
3,2019,D1,5.2390914
3,2019,D2,5.6339645
3,2019,D3,4.911627
3,2019,D4,6.8000374
3,2019,D5,7.33935
3,2019,D6,7.338395
3,2019,D7,3.824947
3,2019,D8,3.2234232
4,2019,D1,5.2385097
4,2019,D2,5.5683537
4,2019,D3,5.0364976
4,2019,D4,6.418681
4,2019,D5,7.3736925
4,2019,D6,7.2572265
4,2019,D7,3.2028627
4,2019,D8,2.8747194
5,2019,D1,5.3115325
5,2019,D2,5.459482
5,2019,D3,4.9799924
5,2019,D4,6.7648187
5,2019,D5,7.4607663
5,2019,D6,7.2844825
5,2019,D7,3.5739498
5,2019,D8,4.220036
6,2019,D1,4.7070994
6,2019,D2,5.4248514
6,2019,D3,4.8889036
6,2019,D4,6.0435457
6,2019,D5,7.4984326
6,2019,D6,7.553796
6,2019,D7,3.3489547
6,2019,D8,2.955501
7,2019,D1,5.077579
7,2019,D2,5.6733513
7,2019,D3,5.0305815
7,2019,D4,6.3634105
7,2019,D5,7.28804
7,2019,D6,6.929737
7,2019,D7,2.7062154
7,2019,D8,4.127689
8,2019,D1,5.0359898
8,2019,D2,5.481742
8,2019,D3,4.5728674
8,2019,D4,6.970947
8,2019,D5,7.4816217
8,2019,D6,6.804335
8,2019,D7,3.5833576
8,2019,D8,4.1427584
9,2019,D1,5.5807457
9,2019,D2,5.640951
9,2019,D3,4.981598
9,2019,D4,7.014714
9,2019,D5,7.5341363
9,2019,D6,7.536885
9,2019,D7,3.8660698
9,2019,D8,3.8876789
10,2019,D1,4.9695134
10,2019,D2,5.480067
10,2019,D3,5.154221
10,2019,D4,6.80475
10,2019,D5,7.630938
10,2019,D6,7.073691
10,2019,D7,3.2183542
10,2019,D8,2.5517023
11,2019,D1,4.9902225
11,2019,D2,5.513007
11,2019,D3,4.8478384
11,2019,D4,6.590418
11,2019,D5,7.020843
11,2019,D6,7.074982
11,2019,D7,4.18967
11,2019,D8,3.501765
12,2019,D1,4.739799
12,2019,D2,5.035653
12,2019,D3,4.4967847
12,2019,D4,6.175562
12,2019,D5,7.5113854
12,2019,D6,6.942308
12,2019,D7,3.7382488
12,2019,D8,3.3301923
13,2019,D1,5.2272964
13,2019,D2,5.634864
13,2019,D3,5.3129673
13,2019,D4,6.882537
13,2019,D5,7.3421497
13,2019,D6,7.0749454
13,2019,D7,3.7292697
13,2019,D8,3.9040506
14,2019,D1,5.655644
14,2019,D2,5.6142187
14,2019,D3,5.4251204
14,2019,D4,6.3308797
14,2019,D5,7.285862
14,2019,D6,7.1863785
14,2019,D7,3.0018299
14,2019,D8,4.5666914
15,2019,D1,5.0387363
15,2019,D2,4.986722
15,2019,D3,4.574366
15,2019,D4,6.1266904
15,2019,D5,7.131686
15,2019,D6,7.0985913
15,2019,D7,2.717902
15,2019,D8,3.858327
16,2019,D1,5.4671226
16,2019,D2,5.23838
16,2019,D3,4.904878
16,2019,D4,6.9089155
16,2019,D5,7.413804
16,2019,D6,7.0637608
16,2019,D7,3.2627363
16,2019,D8,4.261279
17,2019,D1,5.192006
17,2019,D2,5.4326787
17,2019,D3,5.010797
17,2019,D4,6.06962
17,2019,D5,7.1949763
17,2019,D6,7.3817544
17,2019,D7,3.0088763
17,2019,D8,2.7893066
18,2019,D1,5.5327554
18,2019,D2,6.287517
18,2019,D3,4.891997
18,2019,D4,7.638119
18,2019,D5,7.304557
18,2019,D6,7.65457
18,2019,D7,4.7476344
18,2019,D8,2.6056414
19,2019,D1,5.5532093
19,2019,D2,5.8556004
19,2019,D3,4.9841504
19,2019,D4,6.8777223
19,2019,D5,7.3725553
19,2019,D6,7.393448
19,2019,D7,3.6322584
19,2019,D8,4.0742526
20,2019,D1,4.8020773
20,2019,D2,5.01747
20,2019,D3,4.4208913
20,2019,D4,5.5390353
20,2019,D5,7.134956
20,2019,D6,7.240192
20,2019,D7,2.9036822
20,2019,D8,4.477977
21,2019,D1,5.0683413
21,2019,D2,4.879177
21,2019,D3,4.521063
21,2019,D4,6.635493
21,2019,D5,7.244176
21,2019,D6,7.351893
21,2019,D7,2.77252
21,2019,D8,2.7748747
22,2019,D1,5.353066
22,2019,D2,5.6099186
22,2019,D3,5.1003003
22,2019,D4,6.5113378
22,2019,D5,7.073688
22,2019,D6,7.3397613
22,2019,D7,3.277834
22,2019,D8,3.4347298
23,2019,D1,5.536986
23,2019,D2,5.8352613
23,2019,D3,4.897194
23,2019,D4,7.146556
23,2019,D5,7.637583
23,2019,D6,7.4467797
23,2019,D7,2.7967792
23,2019,D8,4.158832
24,2019,D1,4.994767
24,2019,D2,5.7343283
24,2019,D3,5.0805907
24,2019,D4,6.8330564
24,2019,D5,7.3772154
24,2019,D6,7.343607
24,2019,D7,3.3311803
24,2019,D8,3.726864
25,2019,D1,5.2047935
25,2019,D2,5.334788
25,2019,D3,5.173438
25,2019,D4,6.913178
25,2019,D5,7.2733226
25,2019,D6,7.364589
25,2019,D7,3.5850155
25,2019,D8,3.0676847
26,2019,D1,4.91354
26,2019,D2,5.675524
26,2019,D3,5.0031366
26,2019,D4,6.8895164
26,2019,D5,7.3885646
26,2019,D6,7.307363
26,2019,D7,3.7681334
26,2019,D8,2.9447052
27,2019,D1,5.4305882
27,2019,D2,5.5361614
27,2019,D3,5.259203
27,2019,D4,6.6414485
27,2019,D5,7.3939753
27,2019,D6,7.1172233
27,2019,D7,3.4856684
27,2019,D8,3.8511438
28,2019,D1,5.806632
28,2019,D2,5.5856466
28,2019,D3,5.22389
28,2019,D4,7.2905235
28,2019,D5,7.6493115
28,2019,D6,7.1227
28,2019,D7,3.6460717
28,2019,D8,2.4731548
29,2019,D1,5.4005632
29,2019,D2,5.54742
29,2019,D3,5.387151
29,2019,D4,6.9971128
29,2019,D5,7.312862
29,2019,D6,7.3675475
29,2019,D7,3.7388332
29,2019,D8,4.0898314
30,2019,D1,5.0869465
30,2019,D2,5.4809804
30,2019,D3,5.277467
30,2019,D4,7.0458746
30,2019,D5,7.310514
30,2019,D6,7.196302
30,2019,D7,3.6063464
30,2019,D8,2.6471672
31,2019,D1,5.243129
31,2019,D2,5.2947373
31,2019,D3,5.4627113
31,2019,D4,6.715848
31,2019,D5,7.197578
31,2019,D6,7.522093
31,2019,D7,4.112331
31,2019,D8,4.3105273
32,2019,D1,4.7711077
32,2019,D2,5.483238
32,2019,D3,4.777306
32,2019,D4,6.616257
32,2019,D5,7.503941
32,2019,D6,7.8812647
32,2019,D7,2.9497056
32,2019,D8,5.002467
33,2019,D1,4.877145
33,2019,D2,5.477459
33,2019,D3,5.07477
33,2019,D4,7.495869
33,2019,D5,7.1612234
33,2019,D6,7.428838
33,2019,D7,3.8691463
33,2019,D8,2.9473739
34,2019,D1,4.587241
34,2019,D2,5.0625215
34,2019,D3,5.594426
34,2019,D4,6.7214017
34,2019,D5,6.9715586
34,2019,D6,6.88206
34,2019,D7,3.3092084
34,2019,D8,2.0548673
35,2019,D1,4.409139
35,2019,D2,4.883474
35,2019,D3,4.962503
35,2019,D4,6.82863
35,2019,D5,7.080042
35,2019,D6,7.134771
35,2019,D7,3.3807456
35,2019,D8,2.1571684
36,2019,D1,4.1147523
36,2019,D2,5.0902085
36,2019,D3,4.6784387
36,2019,D4,6.4636836
36,2019,D5,7.112212
36,2019,D6,6.909758
36,2019,D7,3.6332276
36,2019,D8,3.5792549
37,2019,D1,4.541175
37,2019,D2,4.7515955
37,2019,D3,4.7933726
37,2019,D4,6.5083165
37,2019,D5,6.8429646
37,2019,D6,7.207334
37,2019,D7,3.6661549
37,2019,D8,3.8533113
38,2019,D1,5.3127136
38,2019,D2,5.3011703
38,2019,D3,4.4862475
38,2019,D4,7.179521
38,2019,D5,7.3021307
38,2019,D6,7.66401
38,2019,D7,3.7971544
38,2019,D8,2.2162423
39,2019,D1,4.331296
39,2019,D2,4.7668123
39,2019,D3,4.619242
39,2019,D4,6.524255
39,2019,D5,7.078121
39,2019,D6,7.0044394
39,2019,D7,3.4484892
39,2019,D8,3.8570483
40,2019,D1,4.7366223
40,2019,D2,4.757194
40,2019,D3,5.06459
40,2019,D4,6.0295053
40,2019,D5,7.1325836
40,2019,D6,6.9951143
40,2019,D7,3.2273624
40,2019,D8,3.9127018
41,2019,D1,5.1060095
41,2019,D2,5.2909117
41,2019,D3,4.868423
41,2019,D4,6.455176
41,2019,D5,7.127556
41,2019,D6,6.900671
41,2019,D7,3.3134336
41,2019,D8,2.4864223
42,2019,D1,4.930151
42,2019,D2,5.0026097
42,2019,D3,4.912499
42,2019,D4,6.169055
42,2019,D5,7.1061206
42,2019,D6,7.43981
42,2019,D7,3.3100493
42,2019,D8,2.2022848
43,2019,D1,5.292035
43,2019,D2,5.2362776
43,2019,D3,5.1850386
43,2019,D4,6.341341
43,2019,D5,7.3242416
43,2019,D6,6.830148
43,2019,D7,3.2658157
43,2019,D8,4.3659997
44,2019,D1,4.9944468
44,2019,D2,5.1025343
44,2019,D3,4.915015
44,2019,D4,6.016555
44,2019,D5,7.0765133
44,2019,D6,7.303194
44,2019,D7,3.201312
44,2019,D8,3.3590176
45,2019,D1,4.965172
45,2019,D2,5.618988
45,2019,D3,5.0370865
45,2019,D4,6.284282
45,2019,D5,7.6373754
45,2019,D6,6.925518
45,2019,D7,2.9529972
45,2019,D8,4.400586
46,2019,D1,4.382629
46,2019,D2,5.1617413
46,2019,D3,4.6520596
46,2019,D4,6.876018
46,2019,D5,7.3592772
46,2019,D6,7.310009
46,2019,D7,3.3376448
46,2019,D8,3.3035576
47,2019,D1,4.798696
47,2019,D2,5.6525335
47,2019,D3,4.5849442
47,2019,D4,6.8950086
47,2019,D5,7.257533
47,2019,D6,7.1917224
47,2019,D7,3.2774708
47,2019,D8,4.312928
48,2019,D1,4.8366756
48,2019,D2,5.3064895
48,2019,D3,5.144358
48,2019,D4,7.0796947
48,2019,D5,7.4383845
48,2019,D6,7.396944
48,2019,D7,3.5887887
48,2019,D8,3.1454012
49,2019,D1,5.3225303
49,2019,D2,5.780447
49,2019,D3,5.0502067
49,2019,D4,6.885181
49,2019,D5,7.366226
49,2019,D6,7.726694
49,2019,D7,3.273459
49,2019,D8,3.842462
50,2019,D1,4.8600597
50,2019,D2,5.493697
50,2019,D3,5.0411763
50,2019,D4,6.3733597
50,2019,D5,7.391233
50,2019,D6,7.470026
50,2019,D7,2.8293378
50,2019,D8,4.326257
51,2019,D1,4.481963
51,2019,D2,5.080887
51,2019,D3,4.407692
51,2019,D4,7.096277
51,2019,D5,7.456077
51,2019,D6,7.020266
51,2019,D7,3.4116848
51,2019,D8,2.746915
52,2019,D1,4.6025724
52,2019,D2,5.0842586
52,2019,D3,4.5226145
52,2019,D4,7.0705986
52,2019,D5,7.6192684
52,2019,D6,6.8755326
52,2019,D7,3.60994
52,2019,D8,3.8267522
53,2019,D1,5.576418
53,2019,D2,5.973018
53,2019,D3,5.1414704
53,2019,D4,8.19024
53,2019,D5,7.6214857
53,2019,D6,7.4281726
53,2019,D7,4.3385515
53,2019,D8,2.4734118
54,2019,D1,4.2625513
54,2019,D2,4.922199
54,2019,D3,4.7069283
54,2019,D4,7.0627294
54,2019,D5,7.6668186
54,2019,D6,7.7847
54,2019,D7,3.6273327
54,2019,D8,3.4680994
55,2019,D1,4.172934
55,2019,D2,4.787319
55,2019,D3,4.301317
55,2019,D4,7.39653
55,2019,D5,7.585644
55,2019,D6,7.299444
55,2019,D7,4.5450907
55,2019,D8,2.1367254
56,2019,D1,5.2962704
56,2019,D2,5.785392
56,2019,D3,4.746342
56,2019,D4,7.7126904
56,2019,D5,7.3519216
56,2019,D6,7.292577
56,2019,D7,4.9397645
56,2019,D8,3.5942185
57,2019,D1,4.22058
57,2019,D2,5.063473
57,2019,D3,4.633823
57,2019,D4,6.786074
57,2019,D5,7.5842643
57,2019,D6,7.8017087
57,2019,D7,4.602064
57,2019,D8,3.6828005
58,2019,D1,4.3547597
58,2019,D2,4.998237
58,2019,D3,4.615058
58,2019,D4,7.238383
58,2019,D5,7.4293027
58,2019,D6,7.059217
58,2019,D7,3.7991378
58,2019,D8,2.9929142
59,2019,D1,5.1248527
59,2019,D2,5.7189436
59,2019,D3,5.022818
59,2019,D4,7.5405335
59,2019,D5,7.5868516
59,2019,D6,7.459598
59,2019,D7,4.3691363
59,2019,D8,2.8897567
60,2019,D1,4.4631
60,2019,D2,5.0542164
60,2019,D3,5.1026325
60,2019,D4,7.1464324
60,2019,D5,7.405741
60,2019,D6,6.8474045
60,2019,D7,4.6850605
60,2019,D8,3.781651
61,2019,D1,4.3064456
61,2019,D2,4.9933076
61,2019,D3,4.8541145
61,2019,D4,7.1949754
61,2019,D5,7.404966
61,2019,D6,6.996302
61,2019,D7,3.718314
61,2019,D8,3.5058732
62,2019,D1,4.4747405
62,2019,D2,4.7732973
62,2019,D3,4.8271832
62,2019,D4,7.1711297
62,2019,D5,7.076667
62,2019,D6,7.3927174
62,2019,D7,4.0325065
62,2019,D8,3.808698
63,2019,D1,4.408034
63,2019,D2,5.246306
63,2019,D3,5.2607055
63,2019,D4,7.423559
63,2019,D5,7.580477
63,2019,D6,7.0704226
63,2019,D7,4.014521
63,2019,D8,2.0915437
1,2020,D1,4.9710565
1,2020,D2,5.4360085
1,2020,D3,5.051104
1,2020,D4,6.4134583
1,2020,D5,7.610737
1,2020,D6,6.622369
1,2020,D7,3.7300086
1,2020,D8,2.8410738
2,2020,D1,4.891694
2,2020,D2,5.4994693
2,2020,D3,5.2553
2,2020,D4,7.001097
2,2020,D5,7.420915
2,2020,D6,6.5185556
2,2020,D7,4.2242856
2,2020,D8,2.563226
3,2020,D1,5.2224607
3,2020,D2,5.591954
3,2020,D3,4.881578
3,2020,D4,6.461361
3,2020,D5,7.2673025
3,2020,D6,7.008757
3,2020,D7,3.6760738
3,2020,D8,2.6134062
4,2020,D1,5.3114305
4,2020,D2,5.8487086
4,2020,D3,4.9191055
4,2020,D4,7.3405375
4,2020,D5,7.6375914
4,2020,D6,7.0515924
4,2020,D7,3.2917228
4,2020,D8,2.995355
5,2020,D1,5.149389
5,2020,D2,5.609092
5,2020,D3,4.9793715
5,2020,D4,6.7152677
5,2020,D5,7.565294
5,2020,D6,6.741282
5,2020,D7,3.3571286
5,2020,D8,2.8337796
6,2020,D1,4.865743
6,2020,D2,5.719265
6,2020,D3,4.8289104
6,2020,D4,7.032832
6,2020,D5,7.5987997
6,2020,D6,6.9220767
6,2020,D7,3.3197746
6,2020,D8,2.8258932
7,2020,D1,6.2160964
7,2020,D2,6.3215227
7,2020,D3,5.3352556
7,2020,D4,7.278057
7,2020,D5,7.656164
7,2020,D6,7.0304213
7,2020,D7,3.1708274
7,2020,D8,3.4628463
8,2020,D1,4.9207087
8,2020,D2,5.282996
8,2020,D3,4.6326284
8,2020,D4,6.488565
8,2020,D5,7.4285965
8,2020,D6,6.9880557
8,2020,D7,3.6849525
8,2020,D8,2.9465952
9,2020,D1,5.4794717
9,2020,D2,5.5091743
9,2020,D3,5.152683
9,2020,D4,6.9798326
9,2020,D5,7.607068
9,2020,D6,7.131053
9,2020,D7,3.2698808
9,2020,D8,3.188019
10,2020,D1,5.33798
10,2020,D2,5.3517714
10,2020,D3,4.6699286
10,2020,D4,6.9086847
10,2020,D5,7.482511
10,2020,D6,6.959284
10,2020,D7,2.9912245
10,2020,D8,2.6387
11,2020,D1,4.4220757
11,2020,D2,5.2464023
11,2020,D3,4.5818033
11,2020,D4,6.8193555
11,2020,D5,7.043305
11,2020,D6,6.7520103
11,2020,D7,3.9849296
11,2020,D8,2.2990477
12,2020,D1,4.352507
12,2020,D2,5.028605
12,2020,D3,4.563761
12,2020,D4,6.3803897
12,2020,D5,7.262771
12,2020,D6,7.0640693
12,2020,D7,3.640889
12,2020,D8,2.5668218
13,2020,D1,4.8951697
13,2020,D2,5.351215
13,2020,D3,4.998858
13,2020,D4,6.9188986
13,2020,D5,7.358459
13,2020,D6,6.538982
13,2020,D7,3.7482219
13,2020,D8,2.3442953
14,2020,D1,5.744338
14,2020,D2,5.8985367
14,2020,D3,5.1648555
14,2020,D4,6.788329
14,2020,D5,7.3323684
14,2020,D6,7.106466
14,2020,D7,3.3206668
14,2020,D8,3.2481432
15,2020,D1,5.058956
15,2020,D2,5.2440968
15,2020,D3,4.811744
15,2020,D4,6.5982323
15,2020,D5,7.1692777
15,2020,D6,6.869726
15,2020,D7,2.9588141
15,2020,D8,2.917753
16,2020,D1,5.4980106
16,2020,D2,5.3912473
16,2020,D3,4.877308
16,2020,D4,7.3245225
16,2020,D5,7.7657943
16,2020,D6,6.908084
16,2020,D7,3.209278
16,2020,D8,2.7916586
17,2020,D1,5.4233985
17,2020,D2,5.896754
17,2020,D3,5.26833
17,2020,D4,7.1769276
17,2020,D5,7.643967
17,2020,D6,7.2789474
17,2020,D7,3.168129
17,2020,D8,3.4549477
18,2020,D1,5.8052964
18,2020,D2,6.4987683
18,2020,D3,4.79292
18,2020,D4,8.2857485
18,2020,D5,7.611497
18,2020,D6,7.7129946
18,2020,D7,4.9641237
18,2020,D8,3.1400342
19,2020,D1,5.1564364
19,2020,D2,5.430928
19,2020,D3,4.855295
19,2020,D4,7.0677867
19,2020,D5,7.168906
19,2020,D6,6.9411654
19,2020,D7,3.6869733
19,2020,D8,2.4918914
20,2020,D1,5.2730494
20,2020,D2,5.460282
20,2020,D3,4.5746975
20,2020,D4,6.2621107
20,2020,D5,7.3221197
20,2020,D6,7.0094113
20,2020,D7,3.0956883
20,2020,D8,3.2957575
21,2020,D1,5.310807
21,2020,D2,5.19108
21,2020,D3,4.721778
21,2020,D4,6.822654
21,2020,D5,7.4331636
21,2020,D6,7.0491858
21,2020,D7,2.7243633
21,2020,D8,2.9167843
22,2020,D1,5.2586017
22,2020,D2,5.508646
22,2020,D3,5.262738
22,2020,D4,6.817937
22,2020,D5,7.321022
22,2020,D6,6.966863
22,2020,D7,3.3015625
22,2020,D8,2.9332848
23,2020,D1,5.3656783
23,2020,D2,5.4541793
23,2020,D3,5.0220256
23,2020,D4,6.8761253
23,2020,D5,7.5158815
23,2020,D6,7.386456
23,2020,D7,3.0864546
23,2020,D8,2.7907546
24,2020,D1,4.9002714
24,2020,D2,5.8641486
24,2020,D3,4.7912374
24,2020,D4,7.1280074
24,2020,D5,7.4683213
24,2020,D6,7.5582857
24,2020,D7,3.4187543
24,2020,D8,2.6493003
25,2020,D1,5.375581
25,2020,D2,5.5079207
25,2020,D3,4.80761
25,2020,D4,6.323402
25,2020,D5,7.484035
25,2020,D6,7.126383
25,2020,D7,3.358022
25,2020,D8,3.1036298
26,2020,D1,4.841861
26,2020,D2,5.436214
26,2020,D3,4.741923
26,2020,D4,7.1871305
26,2020,D5,7.36145
26,2020,D6,7.0172653
26,2020,D7,3.7901359
26,2020,D8,2.780492
27,2020,D1,5.0934057
27,2020,D2,5.5551643
27,2020,D3,5.368034
27,2020,D4,6.65402
27,2020,D5,7.317831
27,2020,D6,7.217408
27,2020,D7,3.498088
27,2020,D8,3.145296
28,2020,D1,5.670758
28,2020,D2,5.7738385
28,2020,D3,5.414269
28,2020,D4,7.19535
28,2020,D5,7.5178046
28,2020,D6,6.838878
28,2020,D7,3.5388908
28,2020,D8,3.0554569
29,2020,D1,5.482902
29,2020,D2,5.6654873
29,2020,D3,5.8188105
29,2020,D4,7.190755
29,2020,D5,7.262962
29,2020,D6,6.9291134
29,2020,D7,3.7645178
29,2020,D8,2.5940723
30,2020,D1,5.4778795
30,2020,D2,5.4466734
30,2020,D3,5.644154
30,2020,D4,7.4314227
30,2020,D5,7.226028
30,2020,D6,7.0752344
30,2020,D7,3.5182626
30,2020,D8,2.9459796
31,2020,D1,5.0397887
31,2020,D2,5.4676313
31,2020,D3,5.0312986
31,2020,D4,7.3227596
31,2020,D5,7.410264
31,2020,D6,7.3289857
31,2020,D7,3.9381175
31,2020,D8,2.9926183
32,2020,D1,4.504057
32,2020,D2,5.0354776
32,2020,D3,4.598479
32,2020,D4,6.6911144
32,2020,D5,7.337477
32,2020,D6,7.603412
32,2020,D7,3.1414049
32,2020,D8,3.6011147
33,2020,D1,5.006259
33,2020,D2,5.1356244
33,2020,D3,5.046762
33,2020,D4,7.5625725
33,2020,D5,7.2671256
33,2020,D6,7.1573215
33,2020,D7,3.686715
33,2020,D8,2.3999527
34,2020,D1,4.301335
34,2020,D2,4.919604
34,2020,D3,4.7468343
34,2020,D4,6.523897
34,2020,D5,7.1077633
34,2020,D6,6.342147
34,2020,D7,3.7767694
34,2020,D8,2.3730347
35,2020,D1,4.696645
35,2020,D2,5.5209007
35,2020,D3,4.9327536
35,2020,D4,7.209213
35,2020,D5,7.3230023
35,2020,D6,7.586774
35,2020,D7,3.5655227
35,2020,D8,2.414552
36,2020,D1,4.1258054
36,2020,D2,5.040515
36,2020,D3,4.812482
36,2020,D4,6.652956
36,2020,D5,6.9498076
36,2020,D6,6.611606
36,2020,D7,3.6031315
36,2020,D8,2.3954225
37,2020,D1,3.9952388
37,2020,D2,4.5377483
37,2020,D3,4.4037023
37,2020,D4,6.110034
37,2020,D5,6.848165
37,2020,D6,7.6574755
37,2020,D7,3.1883883
37,2020,D8,2.3998296
38,2020,D1,4.8036914
38,2020,D2,5.138434
38,2020,D3,4.5949335
38,2020,D4,6.548174
38,2020,D5,6.994696
38,2020,D6,6.888403
38,2020,D7,3.4469416
38,2020,D8,2.3307548
39,2020,D1,4.339516
39,2020,D2,5.0686965
39,2020,D3,4.7416897
39,2020,D4,6.75607
39,2020,D5,7.4467506
39,2020,D6,6.8535094
39,2020,D7,3.2433834
39,2020,D8,2.528832
40,2020,D1,4.9301786
40,2020,D2,5.1857786
40,2020,D3,4.707645
40,2020,D4,6.0601625
40,2020,D5,7.264537
40,2020,D6,7.3927197
40,2020,D7,3.162185
40,2020,D8,2.9237514
41,2020,D1,4.850752
41,2020,D2,5.065265
41,2020,D3,4.9813933
41,2020,D4,6.458418
41,2020,D5,7.1256437
41,2020,D6,7.2577033
41,2020,D7,3.495713
41,2020,D8,2.9618394
42,2020,D1,4.9595766
42,2020,D2,5.3445783
42,2020,D3,5.0263596
42,2020,D4,6.384822
42,2020,D5,6.998024
42,2020,D6,6.832202
42,2020,D7,3.2152264
42,2020,D8,2.7692215
43,2020,D1,4.9243245
43,2020,D2,4.9492226
43,2020,D3,4.9417863
43,2020,D4,6.4797063
43,2020,D5,7.4418
43,2020,D6,6.705063
43,2020,D7,3.3022032
43,2020,D8,2.8863614
44,2020,D1,4.4323373
44,2020,D2,4.6874013
44,2020,D3,4.944704
44,2020,D4,5.7192025
44,2020,D5,6.7862315
44,2020,D6,6.768409
44,2020,D7,2.814338
44,2020,D8,2.4705632
45,2020,D1,4.7534657
45,2020,D2,5.500287
45,2020,D3,5.069791
45,2020,D4,6.752769
45,2020,D5,7.4110556
45,2020,D6,6.7041793
45,2020,D7,3.036399
45,2020,D8,3.010045
46,2020,D1,4.5237193
46,2020,D2,5.058847
46,2020,D3,4.9315314
46,2020,D4,6.574064
46,2020,D5,7.325258
46,2020,D6,7.066917
46,2020,D7,3.2465293
46,2020,D8,2.6139896
47,2020,D1,4.2901196
47,2020,D2,5.088853
47,2020,D3,4.654321
47,2020,D4,6.5993104
47,2020,D5,7.523773
47,2020,D6,6.741716
47,2020,D7,3.0662868
47,2020,D8,2.7980013
48,2020,D1,4.646975
48,2020,D2,5.2125573
48,2020,D3,4.973365
48,2020,D4,6.9168935
48,2020,D5,7.5219846
48,2020,D6,6.7061996
48,2020,D7,3.2511306
48,2020,D8,3.2754238
49,2020,D1,5.1675963
49,2020,D2,5.797926
49,2020,D3,5.164809
49,2020,D4,7.073786
49,2020,D5,7.5526843
49,2020,D6,7.6308823
49,2020,D7,3.227034
49,2020,D8,2.8413098
50,2020,D1,4.445312
50,2020,D2,5.381593
50,2020,D3,4.8017993
50,2020,D4,6.36322
50,2020,D5,7.34072
50,2020,D6,7.3675265
50,2020,D7,2.8200788
50,2020,D8,3.4644237
51,2020,D1,4.940986
51,2020,D2,5.0712442
51,2020,D3,4.662972
51,2020,D4,7.632291
51,2020,D5,7.597248
51,2020,D6,6.903026
51,2020,D7,3.2559392
51,2020,D8,2.6114948
52,2020,D1,4.67471
52,2020,D2,5.297858
52,2020,D3,4.921687
52,2020,D4,7.3457785
52,2020,D5,7.0968432
52,2020,D6,7.1269403
52,2020,D7,3.632621
52,2020,D8,2.1988254
53,2020,D1,4.876657
53,2020,D2,5.6192026
53,2020,D3,5.457465
53,2020,D4,7.8252563
53,2020,D5,7.6477027
53,2020,D6,6.740048
53,2020,D7,3.8756425
53,2020,D8,2.587312
54,2020,D1,4.05779
54,2020,D2,4.696732
54,2020,D3,4.8672767
54,2020,D4,7.155414
54,2020,D5,7.840096
54,2020,D6,7.339425
54,2020,D7,3.695969
54,2020,D8,2.6281195
55,2020,D1,4.178124
55,2020,D2,4.871754
55,2020,D3,4.732712
55,2020,D4,7.287905
55,2020,D5,7.3726897
55,2020,D6,7.1986947
55,2020,D7,4.527942
55,2020,D8,3.0296907
56,2020,D1,4.720588
56,2020,D2,5.905424
56,2020,D3,5.137749
56,2020,D4,8.115115
56,2020,D5,7.7787538
56,2020,D6,7.4942746
56,2020,D7,5.201644
56,2020,D8,2.6075375
57,2020,D1,4.6169887
57,2020,D2,5.1142297
57,2020,D3,4.763311
57,2020,D4,7.4083457
57,2020,D5,7.3166614
57,2020,D6,7.6315722
57,2020,D7,4.558789
57,2020,D8,2.4425118
58,2020,D1,4.2544513
58,2020,D2,4.8103957
58,2020,D3,4.84072
58,2020,D4,6.8731217
58,2020,D5,7.462462
58,2020,D6,6.5166893
58,2020,D7,3.4268847
58,2020,D8,2.6188393
59,2020,D1,4.7111597
59,2020,D2,5.354885
59,2020,D3,4.698544
59,2020,D4,7.1702094
59,2020,D5,7.092346
59,2020,D6,6.922475
59,2020,D7,4.1703396
59,2020,D8,2.7655382
60,2020,D1,4.471502
60,2020,D2,5.181187
60,2020,D3,4.889072
60,2020,D4,7.1085043
60,2020,D5,7.431774
60,2020,D6,6.9727745
60,2020,D7,4.40867
60,2020,D8,2.613167
61,2020,D1,3.9460409
61,2020,D2,4.4894557
61,2020,D3,4.3981223
61,2020,D4,6.986716
61,2020,D5,7.2303224
61,2020,D6,6.7348323
61,2020,D7,3.6005828
61,2020,D8,2.090393
62,2020,D1,4.266252
62,2020,D2,4.7717757
62,2020,D3,4.997962
62,2020,D4,6.79204
62,2020,D5,7.1747565
62,2020,D6,6.906789
62,2020,D7,3.3777955
62,2020,D8,2.6263041
63,2020,D1,4.839168
63,2020,D2,5.352806
63,2020,D3,5.005347
63,2020,D4,7.3638377
63,2020,D5,7.389522
63,2020,D6,6.3546667
63,2020,D7,3.6600175
63,2020,D8,2.8079402
1,2021,D1,4.828553
1,2021,D2,5.3463507
1,2021,D3,4.290784
1,2021,D4,6.7591424
1,2021,D5,7.270274
1,2021,D6,7.6459603
1,2021,D7,3.6992476
1,2021,D8,2.9616
2,2021,D1,4.5513988
2,2021,D2,4.8186817
2,2021,D3,3.8383384
2,2021,D4,6.315329
2,2021,D5,6.8508973
2,2021,D6,7.2200646
2,2021,D7,3.5651052
2,2021,D8,2.0313706
3,2021,D1,4.8581147
3,2021,D2,5.2077312
3,2021,D3,4.249258
3,2021,D4,6.8595734
3,2021,D5,6.953041
3,2021,D6,7.7963357
3,2021,D7,3.6452112
3,2021,D8,2.5837114
4,2021,D1,4.937095
4,2021,D2,5.615067
4,2021,D3,4.3878036
4,2021,D4,7.082743
4,2021,D5,7.1274743
4,2021,D6,7.7818446
4,2021,D7,3.7286325
4,2021,D8,2.7416146
5,2021,D1,4.363529
5,2021,D2,5.212774
5,2021,D3,4.065278
5,2021,D4,5.955239
5,2021,D5,7.0879664
5,2021,D6,7.411563
5,2021,D7,3.2287142
5,2021,D8,2.8263392
6,2021,D1,4.878261
6,2021,D2,5.1579404
6,2021,D3,4.5507045
6,2021,D4,6.925078
6,2021,D5,7.115136
6,2021,D6,7.4436717
6,2021,D7,3.6612244
6,2021,D8,2.6221478
7,2021,D1,4.9869795
7,2021,D2,5.442364
7,2021,D3,4.370432
7,2021,D4,6.8835626
7,2021,D5,7.28678
7,2021,D6,8.026509
7,2021,D7,3.2368784
7,2021,D8,3.1288085
8,2021,D1,5.516691
8,2021,D2,6.0431023
8,2021,D3,4.5107284
8,2021,D4,7.538966
8,2021,D5,7.450134
8,2021,D6,7.7297854
8,2021,D7,4.13078
8,2021,D8,2.9178767
10,2021,D1,5.541431
10,2021,D2,5.841915
10,2021,D3,4.473189
10,2021,D4,7.481874
10,2021,D5,7.3868484
10,2021,D6,7.8959556
10,2021,D7,3.645186
10,2021,D8,3.0768588
11,2021,D1,4.1763105
11,2021,D2,4.6808653
11,2021,D3,3.847647
11,2021,D4,5.417596
11,2021,D5,7.114062
11,2021,D6,6.355831
11,2021,D7,3.6190422
11,2021,D8,2.0116487
12,2021,D1,4.8745418
12,2021,D2,5.0398746
12,2021,D3,4.283369
12,2021,D4,6.3047686
12,2021,D5,7.3589582
12,2021,D6,7.605968
12,2021,D7,4.012171
12,2021,D8,2.8560884
13,2021,D1,4.7981677
13,2021,D2,4.6979375
13,2021,D3,4.0792193
13,2021,D4,6.3199034
13,2021,D5,6.9063487
13,2021,D6,7.3343825
13,2021,D7,3.805714
13,2021,D8,2.2002265
14,2021,D1,5.243424
14,2021,D2,5.3042345
14,2021,D3,4.4502153
14,2021,D4,7.546357
14,2021,D5,7.037456
14,2021,D6,7.654578
14,2021,D7,3.8198311
14,2021,D8,2.4247603
15,2021,D1,5.009958
15,2021,D2,5.933305
15,2021,D3,4.3292804
15,2021,D4,7.0757046
15,2021,D5,7.537196
15,2021,D6,7.7945337
15,2021,D7,3.1609225
15,2021,D8,3.6056507
16,2021,D1,4.724463
16,2021,D2,5.1938562
16,2021,D3,4.4170184
16,2021,D4,6.2446437
16,2021,D5,7.76529
16,2021,D6,8.1132345
16,2021,D7,3.022113
16,2021,D8,3.3437736
19,2021,D1,4.8320823
19,2021,D2,5.452054
19,2021,D3,4.131691
19,2021,D4,6.93416
19,2021,D5,7.341201
19,2021,D6,7.8020916
19,2021,D7,3.1385615
19,2021,D8,3.0591588
20,2021,D1,4.9042587
20,2021,D2,5.4193335
20,2021,D3,4.4130373
20,2021,D4,7.4242477
20,2021,D5,7.46237
20,2021,D6,7.911259
20,2021,D7,3.6780975
20,2021,D8,2.7918983
21,2021,D1,5.4033084
21,2021,D2,5.8592653
21,2021,D3,4.4186697
21,2021,D4,7.539984
21,2021,D5,7.5044274
21,2021,D6,7.9987307
21,2021,D7,3.6510477
21,2021,D8,2.9904537
22,2021,D1,4.947151
22,2021,D2,5.777931
22,2021,D3,4.556941
22,2021,D4,7.2512574
22,2021,D5,7.281915
22,2021,D6,8.237278
22,2021,D7,3.5574207
22,2021,D8,2.8318665
23,2021,D1,4.751139
23,2021,D2,5.3207664
23,2021,D3,4.4040713
23,2021,D4,7.0151153
23,2021,D5,7.493059
23,2021,D6,7.4874077
23,2021,D7,3.501561
23,2021,D8,3.3123398
24,2021,D1,5.239977
24,2021,D2,5.6737924
24,2021,D3,4.278722
24,2021,D4,6.998086
24,2021,D5,7.418851
24,2021,D6,7.9145365
24,2021,D7,3.6153455
24,2021,D8,2.6731946
25,2021,D1,5.2509146
25,2021,D2,5.7129564
25,2021,D3,4.552003
25,2021,D4,6.706538
25,2021,D5,7.631076
25,2021,D6,7.991006
25,2021,D7,3.5148315
25,2021,D8,3.3232822
26,2021,D1,5.8547525
26,2021,D2,6.203393
26,2021,D3,4.559696
26,2021,D4,7.8096395
26,2021,D5,7.2988462
26,2021,D6,8.06987
26,2021,D7,4.1388035
26,2021,D8,3.1665866
27,2021,D1,4.827044
27,2021,D2,5.4451776
27,2021,D3,4.4691744
27,2021,D4,7.14741
27,2021,D5,7.2537136
27,2021,D6,7.732643
27,2021,D7,3.7618904
27,2021,D8,3.1842759
28,2021,D1,5.0691776
28,2021,D2,5.673702
28,2021,D3,4.696999
28,2021,D4,7.217305
28,2021,D5,7.4113536
28,2021,D6,8.222785
28,2021,D7,3.9970891
28,2021,D8,2.8472047
29,2021,D1,4.8587193
29,2021,D2,5.426232
29,2021,D3,4.5512986
29,2021,D4,7.123805
29,2021,D5,7.0268564
29,2021,D6,7.9883504
29,2021,D7,3.7692769
29,2021,D8,2.8197603
30,2021,D1,4.968943
30,2021,D2,5.0528555
30,2021,D3,4.4140368
30,2021,D4,6.6127353
30,2021,D5,7.272517
30,2021,D6,7.6286564
30,2021,D7,3.584078
30,2021,D8,2.8590672
31,2021,D1,5.474793
31,2021,D2,6.203034
31,2021,D3,4.575134
31,2021,D4,7.7719407
31,2021,D5,7.7414727
31,2021,D6,8.464082
31,2021,D7,4.4594903
31,2021,D8,3.3691342
32,2021,D1,4.0646367
32,2021,D2,5.0612116
32,2021,D3,4.27484
32,2021,D4,6.7814984
32,2021,D5,7.32516
32,2021,D6,8.254243
32,2021,D7,3.2318265
32,2021,D8,3.5633752
33,2021,D1,4.475978
33,2021,D2,5.0509453
33,2021,D3,4.2188816
33,2021,D4,6.8320456
33,2021,D5,6.9306164
33,2021,D6,8.120396
33,2021,D7,3.5319571
33,2021,D8,2.9447625
34,2021,D1,4.148352
34,2021,D2,4.843281
34,2021,D3,3.9801013
34,2021,D4,6.6091995
34,2021,D5,7.203342
34,2021,D6,7.850803
34,2021,D7,3.3696363
34,2021,D8,2.9754007
35,2021,D1,4.6210093
35,2021,D2,4.913069
35,2021,D3,4.161021
35,2021,D4,6.7946644
35,2021,D5,6.964274
35,2021,D6,7.9143877
35,2021,D7,3.6258605
35,2021,D8,2.949787
36,2021,D1,4.598294
36,2021,D2,4.912117
36,2021,D3,3.9154031
36,2021,D4,6.909962
36,2021,D5,6.7486777
36,2021,D6,7.5450277
36,2021,D7,3.490063
36,2021,D8,2.6015573
37,2021,D1,4.212634
37,2021,D2,5.138382
37,2021,D3,4.302859
37,2021,D4,6.5458803
37,2021,D5,7.107635
37,2021,D6,7.9986234
37,2021,D7,3.28121
37,2021,D8,3.101481
38,2021,D1,5.399367
38,2021,D2,5.459223
38,2021,D3,4.383095
38,2021,D4,7.1845264
38,2021,D5,7.110557
38,2021,D6,8.091329
38,2021,D7,3.5558372
38,2021,D8,2.6462743
39,2021,D1,5.3842273
39,2021,D2,5.5223136
39,2021,D3,4.409776
39,2021,D4,7.398937
39,2021,D5,6.969429
39,2021,D6,7.861856
39,2021,D7,3.517399
39,2021,D8,3.0868769
40,2021,D1,4.4922457
40,2021,D2,4.751843
40,2021,D3,4.0950155
40,2021,D4,6.1835027
40,2021,D5,6.853758
40,2021,D6,7.558484
40,2021,D7,3.3101256
40,2021,D8,2.650117
41,2021,D1,4.641828
41,2021,D2,4.845465
41,2021,D3,4.177654
41,2021,D4,5.9359703
41,2021,D5,6.902143
41,2021,D6,7.5284486
41,2021,D7,3.2338543
41,2021,D8,2.6842804
42,2021,D1,5.195371
42,2021,D2,5.0037494
42,2021,D3,4.162799
42,2021,D4,6.5792246
42,2021,D5,6.8011007
42,2021,D6,7.508105
42,2021,D7,3.2186234
42,2021,D8,3.0548048
43,2021,D1,5.1745076
43,2021,D2,4.5333896
43,2021,D3,4.041434
43,2021,D4,6.267965
43,2021,D5,6.9214606
43,2021,D6,7.1432843
43,2021,D7,3.3211548
43,2021,D8,2.6412377
44,2021,D1,5.379495
44,2021,D2,5.256763
44,2021,D3,4.4427004
44,2021,D4,6.6340127
44,2021,D5,7.327093
44,2021,D6,7.6529603
44,2021,D7,3.3039534
44,2021,D8,3.541975
45,2021,D1,4.411292
45,2021,D2,4.832171
45,2021,D3,4.1748543
45,2021,D4,6.4346576
45,2021,D5,7.1269107
45,2021,D6,7.2613235
45,2021,D7,2.8865511
45,2021,D8,3.2657793
46,2021,D1,4.2210884
46,2021,D2,5.5393744
46,2021,D3,4.20038
46,2021,D4,7.2165904
46,2021,D5,7.0099316
46,2021,D6,7.778818
46,2021,D7,3.4743018
46,2021,D8,2.7625575
47,2021,D1,5.2846684
47,2021,D2,6.2513657
47,2021,D3,4.722081
47,2021,D4,8.145935
47,2021,D5,7.630614
47,2021,D6,8.0726
47,2021,D7,3.6744845
47,2021,D8,3.3960106
48,2021,D1,4.3984976
48,2021,D2,4.8697653
48,2021,D3,4.4552164
48,2021,D4,6.342662
48,2021,D5,7.1587014
48,2021,D6,7.5879884
48,2021,D7,2.852592
48,2021,D8,3.2878704
49,2021,D1,4.2733283
49,2021,D2,5.0351133
49,2021,D3,4.244712
49,2021,D4,6.463179
49,2021,D5,6.7470036
49,2021,D6,8.002286
49,2021,D7,3.0818236
49,2021,D8,2.767201
50,2021,D1,4.056292
50,2021,D2,4.9882402
50,2021,D3,4.3232875
50,2021,D4,6.327058
50,2021,D5,6.903551
50,2021,D6,7.750569
50,2021,D7,2.8950808
50,2021,D8,3.4324625
51,2021,D1,4.281629
51,2021,D2,5.061369
51,2021,D3,4.168078
51,2021,D4,7.2308707
51,2021,D5,7.2438297
51,2021,D6,7.731295
51,2021,D7,3.443275
51,2021,D8,2.9448638
52,2021,D1,3.8932977
52,2021,D2,4.2873087
52,2021,D3,4.0731263
52,2021,D4,6.347612
52,2021,D5,6.642057
52,2021,D6,7.509451
52,2021,D7,3.700339
52,2021,D8,2.6367412
53,2021,D1,4.304595
53,2021,D2,4.4617634
53,2021,D3,4.1022544
53,2021,D4,6.539801
53,2021,D5,6.9871016
53,2021,D6,7.193952
53,2021,D7,3.3660355
53,2021,D8,2.633095
54,2021,D1,3.7985594
54,2021,D2,4.6552725
54,2021,D3,3.9839354
54,2021,D4,6.462537
54,2021,D5,7.161147
54,2021,D6,7.9597774
54,2021,D7,3.223779
54,2021,D8,2.5668387
55,2021,D1,4.2381067
55,2021,D2,4.73575
55,2021,D3,4.0621343
55,2021,D4,6.8207912
55,2021,D5,7.068092
55,2021,D6,8.181203
55,2021,D7,4.107812
55,2021,D8,2.618895
56,2021,D1,4.569449
56,2021,D2,4.851093
56,2021,D3,4.3217683
56,2021,D4,6.765607
56,2021,D5,7.1116576
56,2021,D6,7.552948
56,2021,D7,4.725552
56,2021,D8,2.534279
57,2021,D1,4.0325823
57,2021,D2,5.054715
57,2021,D3,3.9490097
57,2021,D4,7.2549243
57,2021,D5,7.24958
57,2021,D6,7.8649516
57,2021,D7,4.2636175
57,2021,D8,2.5328755
58,2021,D1,3.9123547
58,2021,D2,4.1975503
58,2021,D3,4.0941415
58,2021,D4,6.62472
58,2021,D5,7.0236063
58,2021,D6,7.340764
58,2021,D7,3.8347208
58,2021,D8,2.4954894
59,2021,D1,4.2126856
59,2021,D2,4.595232
59,2021,D3,4.1024876
59,2021,D4,6.7707925
59,2021,D5,7.104716
59,2021,D6,7.5495057
59,2021,D7,4.2730885
59,2021,D8,2.6217568
60,2021,D1,4.1823034
60,2021,D2,4.755714
60,2021,D3,4.4594665
60,2021,D4,6.9339914
60,2021,D5,7.133216
60,2021,D6,7.485961
60,2021,D7,4.452556
60,2021,D8,2.7607954
61,2021,D1,4.2746825
61,2021,D2,4.4910293
61,2021,D3,3.9780552
61,2021,D4,6.7462654
61,2021,D5,7.428082
61,2021,D6,7.55107
61,2021,D7,3.381259
61,2021,D8,2.1856368
62,2021,D1,4.5627656
62,2021,D2,5.540299
62,2021,D3,4.5886292
62,2021,D4,7.4614635
62,2021,D5,7.395624
62,2021,D6,8.023664
62,2021,D7,3.6652265
62,2021,D8,3.0891075
63,2021,D1,4.3341017
63,2021,D2,5.1413074
63,2021,D3,4.589245
63,2021,D4,6.347339
63,2021,D5,7.4539924
63,2021,D6,7.490212
63,2021,D7,3.6277986
63,2021,D8,2.7855852
1,2022,D1,4.9973364
1,2022,D2,5.307156
1,2022,D3,4.1183453
1,2022,D4,6.4751754
1,2022,D5,7.1843667
1,2022,D6,7.0711503
1,2022,D7,3.4070344
1,2022,D8,2.5864215
2,2022,D1,4.4906936
2,2022,D2,4.8963985
2,2022,D3,4.1071596
2,2022,D4,6.0843143
2,2022,D5,7.0613976
2,2022,D6,6.6897745
2,2022,D7,3.3074367
2,2022,D8,2.166562
3,2022,D1,5.3885055
3,2022,D2,5.4914384
3,2022,D3,4.355617
3,2022,D4,6.434009
3,2022,D5,7.377445
3,2022,D6,7.1490536
3,2022,D7,3.3577826
3,2022,D8,2.8830943
4,2022,D1,5.2460127
4,2022,D2,5.507286
4,2022,D3,4.40654
4,2022,D4,6.864923
4,2022,D5,7.135579
4,2022,D6,7.307862
4,2022,D7,3.523713
4,2022,D8,3.1172376
5,2022,D1,5.0275598
5,2022,D2,5.0399146
5,2022,D3,4.214921
5,2022,D4,5.7831025
5,2022,D5,7.2720203
5,2022,D6,7.1087313
5,2022,D7,3.097466
5,2022,D8,2.8537927
6,2022,D1,4.9544053
6,2022,D2,5.3534017
6,2022,D3,4.3560057
6,2022,D4,6.652221
6,2022,D5,7.209058
6,2022,D6,7.069462
6,2022,D7,3.4248044
6,2022,D8,2.8121626
7,2022,D1,5.381607
7,2022,D2,5.4902997
7,2022,D3,4.4112864
7,2022,D4,6.558837
7,2022,D5,7.204213
7,2022,D6,7.6107926
7,2022,D7,3.042483
7,2022,D8,3.316725
8,2022,D1,5.81644
8,2022,D2,5.3385687
8,2022,D3,4.479757
8,2022,D4,6.7475734
8,2022,D5,7.262708
8,2022,D6,7.790292
8,2022,D7,3.4365346
8,2022,D8,2.9756403
9,2022,D3,4.396727
9,2022,D6,8.084984
9,2022,D7,4.2021246
9,2022,D8,3.4342728
10,2022,D1,5.7516823
10,2022,D2,5.7251115
10,2022,D3,4.2259016
10,2022,D4,7.0491376
10,2022,D5,7.2750053
10,2022,D6,7.537661
10,2022,D7,3.3903737
10,2022,D8,3.2918863
11,2022,D1,4.438293
11,2022,D2,5.1839385
11,2022,D3,4.183865
11,2022,D4,5.7121334
11,2022,D5,7.0126233
11,2022,D6,6.879299
11,2022,D7,3.8075314
11,2022,D8,2.4509773
12,2022,D1,5.5805297
12,2022,D2,5.341991
12,2022,D3,4.3170757
12,2022,D4,6.156029
12,2022,D5,7.1850853
12,2022,D6,7.5264163
12,2022,D7,3.702507
12,2022,D8,2.8810124
13,2022,D1,4.7769065
13,2022,D2,5.064726
13,2022,D3,4.21875
13,2022,D4,6.6229033
13,2022,D5,7.3813963
13,2022,D6,7.0744414
13,2022,D7,3.4020705
13,2022,D8,2.3281631
14,2022,D1,5.0889664
14,2022,D2,5.114957
14,2022,D3,4.3150783
14,2022,D4,6.4411445
14,2022,D5,6.6468024
14,2022,D6,7.387359
14,2022,D7,3.4255018
14,2022,D8,2.5879667
15,2022,D1,5.8254476
15,2022,D2,5.7769713
15,2022,D3,4.3706684
15,2022,D4,6.8007445
15,2022,D5,7.3100886
15,2022,D6,7.229401
15,2022,D7,2.9338439
15,2022,D8,3.6577632
16,2022,D1,5.436157
16,2022,D2,5.5963526
16,2022,D3,4.5051928
16,2022,D4,6.793623
16,2022,D5,7.157936
16,2022,D6,8.314781
16,2022,D7,3.0371861
16,2022,D8,3.4671733
17,2022,D1,5.8174157
17,2022,D5,7.582089
17,2022,D6,8.085029
17,2022,D7,3.7651064
18,2022,D1,5.747576
18,2022,D2,6.3744926
18,2022,D3,4.5820866
18,2022,D4,7.427386
18,2022,D5,7.655076
18,2022,D6,8.258439
18,2022,D7,4.1213684
18,2022,D8,3.7098768
19,2022,D1,5.334476
19,2022,D2,5.147217
19,2022,D3,4.287317
19,2022,D4,6.3680305
19,2022,D5,7.2598567
19,2022,D6,7.8048596
19,2022,D7,2.8194525
19,2022,D8,3.1223116
20,2022,D1,5.393864
20,2022,D2,5.7387886
20,2022,D3,4.503943
20,2022,D4,6.889654
20,2022,D5,7.111545
20,2022,D6,7.564064
20,2022,D7,3.3740978
20,2022,D8,3.0275738
21,2022,D1,5.4940963
21,2022,D2,5.8100276
21,2022,D3,4.287706
21,2022,D4,6.876391
21,2022,D5,7.6275625
21,2022,D6,7.508165
21,2022,D7,3.3398995
21,2022,D8,3.2392688
22,2022,D1,5.38712
22,2022,D2,5.4620914
22,2022,D3,4.3360553
22,2022,D4,6.8132973
22,2022,D5,7.08307
22,2022,D6,8.238346
22,2022,D7,3.078081
22,2022,D8,3.115984
23,2022,D1,5.0631166
23,2022,D2,5.289687
23,2022,D3,4.419775
23,2022,D4,7.0016885
23,2022,D5,7.240499
23,2022,D6,7.3287497
23,2022,D7,3.3729515
23,2022,D8,3.0166566
24,2022,D1,5.629856
24,2022,D2,5.351911
24,2022,D3,4.3349323
24,2022,D4,6.763793
24,2022,D5,7.36461
24,2022,D6,7.4107065
24,2022,D7,3.3993537
24,2022,D8,2.8973312
25,2022,D1,5.2587337
25,2022,D2,5.523377
25,2022,D3,4.199566
25,2022,D4,6.7385783
25,2022,D5,7.436091
25,2022,D6,7.3283787
25,2022,D7,3.4722006
25,2022,D8,3.2076273
26,2022,D1,6.107364
26,2022,D2,5.9741015
26,2022,D3,4.52429
26,2022,D4,7.282454
26,2022,D5,7.4392595
26,2022,D6,7.943686
26,2022,D7,3.6536279
26,2022,D8,3.090583
27,2022,D1,5.6093493
27,2022,D2,5.4372683
27,2022,D3,4.3129063
27,2022,D4,6.599756
27,2022,D5,7.063186
27,2022,D6,7.5846267
27,2022,D7,3.5745955
27,2022,D8,3.0682888
28,2022,D1,5.3757567
28,2022,D2,5.5813656
28,2022,D3,4.5541277
28,2022,D4,6.705034
28,2022,D5,7.3882136
28,2022,D6,8.063362
28,2022,D7,3.4548671
28,2022,D8,3.1910977
29,2022,D1,4.919699
29,2022,D2,5.7066135
29,2022,D3,4.27425
29,2022,D4,7.2067766
29,2022,D5,7.130518
29,2022,D6,7.23215
29,2022,D7,3.5246859
29,2022,D8,2.7667441
30,2022,D1,4.9741263
30,2022,D2,5.2588515
30,2022,D3,4.3313046
30,2022,D4,6.533224
30,2022,D5,6.9933686
30,2022,D6,7.2275286
30,2022,D7,3.423738
30,2022,D8,3.0320585
31,2022,D1,5.772118
31,2022,D2,5.8476505
31,2022,D3,4.3262863
31,2022,D4,7.035786
31,2022,D5,7.2938337
31,2022,D6,7.9557686
31,2022,D7,4.034009
31,2022,D8,3.1190128
32,2022,D1,4.4935174
32,2022,D2,4.9122033
32,2022,D3,4.202305
32,2022,D4,6.5953016
32,2022,D5,7.306222
32,2022,D6,8.200037
32,2022,D7,3.1666641
32,2022,D8,3.6941054
33,2022,D1,4.7812653
33,2022,D2,5.196342
33,2022,D3,4.3640437
33,2022,D4,6.491619
33,2022,D5,7.117822
33,2022,D6,8.058112
33,2022,D7,3.2182512
33,2022,D8,3.010246
34,2022,D1,5.043599
34,2022,D2,5.375954
34,2022,D3,4.395535
34,2022,D4,6.7841043
34,2022,D5,7.1782603
34,2022,D6,7.5196457
34,2022,D7,3.4405572
34,2022,D8,3.190704
35,2022,D1,4.3365436
35,2022,D2,5.0405498
35,2022,D3,4.1415825
35,2022,D4,7.0651155
35,2022,D5,7.035852
35,2022,D6,7.805874
35,2022,D7,3.3643603
35,2022,D8,2.870212
36,2022,D1,4.387612
36,2022,D2,4.9806123
36,2022,D3,4.0884356
36,2022,D4,6.2521524
36,2022,D5,7.0172815
36,2022,D6,7.697282
36,2022,D7,3.5093334
36,2022,D8,2.809619
37,2022,D1,4.498285
37,2022,D2,5.495815
37,2022,D3,4.4444003
37,2022,D4,6.941379
37,2022,D5,7.342768
37,2022,D6,7.8071823
37,2022,D7,3.428428
37,2022,D8,3.4786236
38,2022,D1,5.4048333
38,2022,D2,5.8627214
38,2022,D3,4.3562007
38,2022,D4,7.520194
38,2022,D5,7.5295377
38,2022,D6,8.062137
38,2022,D7,3.7320576
38,2022,D8,3.5325375
39,2022,D1,5.4278936
39,2022,D2,5.9622197
39,2022,D3,4.425708
39,2022,D4,6.9436603
39,2022,D5,7.4387603
39,2022,D6,7.6982718
39,2022,D7,3.3535516
39,2022,D8,3.2896879
40,2022,D1,4.7477837
40,2022,D2,4.6563315
40,2022,D3,4.1791086
40,2022,D4,6.1999183
40,2022,D5,6.8940077
40,2022,D6,7.4359236
40,2022,D7,3.2518342
40,2022,D8,2.610698
41,2022,D1,5.0252843
41,2022,D2,5.0327177
41,2022,D3,3.9166489
41,2022,D4,6.2284045
41,2022,D5,6.6384883
41,2022,D6,6.8515644
41,2022,D7,3.091631
41,2022,D8,2.8888888
42,2022,D1,5.1387873
42,2022,D2,4.8388987
42,2022,D3,4.1477423
42,2022,D4,6.3898363
42,2022,D5,7.2450495
42,2022,D6,7.4911585
42,2022,D7,2.9833913
42,2022,D8,2.8874722
43,2022,D1,4.7923436
43,2022,D2,4.870785
43,2022,D3,4.323856
43,2022,D4,6.078771
43,2022,D5,7.2541175
43,2022,D6,6.6208196
43,2022,D7,3.464863
43,2022,D8,3.1218765
44,2022,D1,5.0606523
44,2022,D2,4.934135
44,2022,D3,4.1752844
44,2022,D4,6.5236044
44,2022,D5,7.2094426
44,2022,D6,6.6599293
44,2022,D7,3.0538578
44,2022,D8,3.092809
45,2022,D1,5.0272536
45,2022,D2,5.1443405
45,2022,D3,4.0014863
45,2022,D4,5.970598
45,2022,D5,7.0778847
45,2022,D6,6.4132357
45,2022,D7,2.9016163
45,2022,D8,3.3980126
46,2022,D1,4.2720084
46,2022,D2,4.5563498
46,2022,D3,4.0198574
46,2022,D4,6.403998
46,2022,D5,6.576035
46,2022,D6,7.5188828
46,2022,D7,2.9814994
46,2022,D8,3.0884078
47,2022,D1,5.949372
47,2022,D2,6.209855
47,2022,D3,4.5423117
47,2022,D4,7.939984
47,2022,D5,7.4758787
47,2022,D6,8.206472
47,2022,D7,3.4685209
47,2022,D8,3.6564062
48,2022,D1,4.776759
48,2022,D2,4.9619207
48,2022,D3,4.18088
48,2022,D4,6.538799
48,2022,D5,7.1641297
48,2022,D6,7.6618886
48,2022,D7,2.8300047
48,2022,D8,3.148781
49,2022,D1,4.3234725
49,2022,D2,5.183502
49,2022,D3,4.250539
49,2022,D4,6.952959
49,2022,D5,7.079619
49,2022,D6,7.857852
49,2022,D7,3.1973372
49,2022,D8,3.147659
50,2022,D1,4.5682454
50,2022,D2,4.8661146
50,2022,D3,4.3024554
50,2022,D4,6.3215675
50,2022,D5,7.1545887
50,2022,D6,7.517289
50,2022,D7,2.973711
50,2022,D8,3.3164093
51,2022,D1,4.8123226
51,2022,D2,4.743776
51,2022,D3,3.9954379
51,2022,D4,6.2436438
51,2022,D5,7.219309
51,2022,D6,6.834802
51,2022,D7,3.1518629
51,2022,D8,2.808084
52,2022,D1,4.063168
52,2022,D2,4.410216
52,2022,D3,4.1569486
52,2022,D4,7.4029493
52,2022,D5,7.1929784
52,2022,D6,7.2705
52,2022,D7,4.179821
52,2022,D8,2.300217
53,2022,D1,4.2259784
53,2022,D2,4.7946405
53,2022,D3,3.9702435
53,2022,D4,6.6261516
53,2022,D5,7.3836446
53,2022,D6,7.708116
53,2022,D7,3.255767
53,2022,D8,2.632609
54,2022,D1,4.1161256
54,2022,D2,4.8381114
54,2022,D3,3.9934397
54,2022,D4,6.599869
54,2022,D5,7.2851505
54,2022,D6,8.059465
54,2022,D7,3.1573424
54,2022,D8,2.6677225
55,2022,D1,4.5832973
55,2022,D2,5.1310143
55,2022,D3,4.4151416
55,2022,D4,6.7576036
55,2022,D5,7.279565
55,2022,D6,8.271788
55,2022,D7,3.6535099
55,2022,D8,2.9327934
56,2022,D1,4.3295116
56,2022,D2,4.6019926
56,2022,D3,4.240199
56,2022,D4,6.6346407
56,2022,D5,7.5809865
56,2022,D6,7.374769
56,2022,D7,4.626372
56,2022,D8,2.7613134
57,2022,D1,4.4517913
57,2022,D2,4.5968947
57,2022,D3,4.1583843
57,2022,D4,6.4259768
57,2022,D5,7.061863
57,2022,D6,7.6138015
57,2022,D7,4.1011534
57,2022,D8,2.5922713
58,2022,D1,3.7754788
58,2022,D2,4.7571344
58,2022,D3,4.2855372
58,2022,D4,6.41371
58,2022,D5,7.18604
58,2022,D6,7.1472673
58,2022,D7,3.8778782
58,2022,D8,2.5970407
59,2022,D1,3.711127
59,2022,D2,4.7551465
59,2022,D3,4.000822
59,2022,D4,6.537229
59,2022,D5,7.076689
59,2022,D6,7.1980834
59,2022,D7,4.07168
59,2022,D8,2.6239717
60,2022,D1,4.2705483
60,2022,D2,5.1033745
60,2022,D3,4.2285695
60,2022,D4,7.19922
60,2022,D5,7.2648206
60,2022,D6,7.2057047
60,2022,D7,4.3719363
60,2022,D8,2.9474306
61,2022,D1,4.492063
61,2022,D2,5.0884023
61,2022,D3,4.358424
61,2022,D4,7.399803
61,2022,D5,7.4120903
61,2022,D6,7.2743773
61,2022,D7,3.8119652
61,2022,D8,3.0187807
62,2022,D1,5.0389547
62,2022,D2,5.7437673
62,2022,D3,4.516954
62,2022,D4,7.507535
62,2022,D5,7.473914
62,2022,D6,7.8689575
62,2022,D7,3.6757824
62,2022,D8,3.0855556
63,2022,D1,4.177804
63,2022,D2,5.1472244
63,2022,D3,4.463717
63,2022,D4,6.953528
63,2022,D5,7.336828
63,2022,D6,7.2511735
63,2022,D7,3.474865
63,2022,D8,3.0694475
1,2023,D1,5.2831035
1,2023,D2,5.8120155
1,2023,D3,4.3853955
1,2023,D4,7.175055
1,2023,D5,7.3943176
1,2023,D6,7.1703944
1,2023,D7,3.961332
1,2023,D8,3.0663135
2,2023,D1,4.772978
2,2023,D2,4.9857354
2,2023,D3,4.321948
2,2023,D4,6.7453885
2,2023,D5,6.829255
2,2023,D6,7.4800878
2,2023,D7,3.6803412
2,2023,D8,2.839415
3,2023,D1,5.4483914
3,2023,D2,5.395842
3,2023,D3,4.197441
3,2023,D4,6.853708
3,2023,D5,7.252222
3,2023,D6,7.127891
3,2023,D7,3.814151
3,2023,D8,3.2586586
4,2023,D1,4.968036
4,2023,D2,5.0237484
4,2023,D3,4.2455707
4,2023,D4,6.862946
4,2023,D5,7.065988
4,2023,D6,6.9124975
4,2023,D7,3.4101057
4,2023,D8,3.0050542
5,2023,D1,5.0013266
5,2023,D2,5.357228
5,2023,D3,4.2257648
5,2023,D4,6.38056
5,2023,D5,7.4678626
5,2023,D6,7.1670485
5,2023,D7,3.3743117
5,2023,D8,3.1334
6,2023,D1,4.7347713
6,2023,D2,5.1595874
6,2023,D3,4.335552
6,2023,D4,6.761425
6,2023,D5,7.198877
6,2023,D6,7.5826855
6,2023,D7,3.6238854
6,2023,D8,3.093978
7,2023,D1,5.908105
7,2023,D2,5.8433123
7,2023,D3,4.3561597
7,2023,D4,7.204516
7,2023,D5,7.441992
7,2023,D6,8.002206
7,2023,D7,3.3439436
7,2023,D8,3.6872897
8,2023,D1,5.309153
8,2023,D2,5.2937016
8,2023,D3,4.3401346
8,2023,D4,7.098976
8,2023,D5,7.287996
8,2023,D6,7.353683
8,2023,D7,3.5704277
8,2023,D8,3.223696
9,2023,D1,5.578665
9,2023,D2,5.687014
9,2023,D3,4.3875313
9,2023,D4,7.151454
9,2023,D5,7.3000817
9,2023,D6,7.4285564
9,2023,D7,3.304558
9,2023,D8,3.482508
10,2023,D1,5.3255424
10,2023,D2,5.310772
10,2023,D3,4.3579335
10,2023,D4,6.892512
10,2023,D5,7.272312
10,2023,D6,7.2369967
10,2023,D7,3.2217422
10,2023,D8,3.3778977
11,2023,D1,4.69644
11,2023,D2,5.25142
11,2023,D3,4.4287567
11,2023,D4,6.6270914
11,2023,D5,7.1950865
11,2023,D6,6.933379
11,2023,D7,3.94715
11,2023,D8,2.9411068
12,2023,D1,4.966353
12,2023,D2,5.465606
12,2023,D3,4.513112
12,2023,D4,6.4825573
12,2023,D5,7.394699
12,2023,D6,7.720145
12,2023,D7,3.80655
12,2023,D8,3.2732332
13,2023,D1,4.891806
13,2023,D2,5.103419
13,2023,D3,4.328184
13,2023,D4,6.6087685
13,2023,D5,7.3132105
13,2023,D6,7.5906363
13,2023,D7,3.4310763
13,2023,D8,3.1294549
14,2023,D1,5.157654
14,2023,D2,5.12742
14,2023,D3,4.4621224
14,2023,D4,7.2309337
14,2023,D5,7.346247
14,2023,D6,7.1872296
14,2023,D7,3.8857036
14,2023,D8,3.1519668
15,2023,D1,5.427534
15,2023,D2,5.6707473
15,2023,D3,4.2759995
15,2023,D4,6.734771
15,2023,D5,7.161109
15,2023,D6,7.8485813
15,2023,D7,2.868811
15,2023,D8,3.9727511
16,2023,D1,5.3734293
16,2023,D2,5.2836924
16,2023,D3,4.4806414
16,2023,D4,6.668851
16,2023,D5,7.310266
16,2023,D6,8.030711
16,2023,D7,3.1321452
16,2023,D8,3.672875
17,2023,D1,5.5334077
17,2023,D2,5.8234396
17,2023,D3,4.5466685
17,2023,D4,7.1588416
17,2023,D5,7.2747283
17,2023,D6,8.256774
17,2023,D7,3.3818424
17,2023,D8,3.7290077
19,2023,D1,4.944452
19,2023,D2,5.0397635
19,2023,D3,3.8955116
19,2023,D4,6.996689
19,2023,D5,6.779338
19,2023,D6,7.4841886
19,2023,D7,3.2102149
19,2023,D8,3.4033468
20,2023,D1,4.9757323
20,2023,D2,5.1072617
20,2023,D3,4.1538672
20,2023,D4,6.326693
20,2023,D5,6.9351
20,2023,D6,7.991139
20,2023,D7,3.235594
20,2023,D8,3.3889256
21,2023,D1,5.4553075
21,2023,D2,5.495992
21,2023,D3,4.4015245
21,2023,D4,7.056963
21,2023,D5,7.559496
21,2023,D6,7.6117377
21,2023,D7,3.4276247
21,2023,D8,3.2195573
22,2023,D1,5.3641486
22,2023,D2,5.67262
22,2023,D3,4.524134
22,2023,D4,6.2522883
22,2023,D5,7.0966916
22,2023,D6,8.11823
22,2023,D7,3.2459693
22,2023,D8,3.4843757
23,2023,D1,5.067975
23,2023,D2,5.0235314
23,2023,D3,4.211197
23,2023,D4,6.6085215
23,2023,D5,7.4571953
23,2023,D6,7.0903435
23,2023,D7,3.0683782
23,2023,D8,3.0309415
24,2023,D1,5.4362884
24,2023,D2,5.2143435
24,2023,D3,4.263244
24,2023,D4,6.5661044
24,2023,D5,7.1895485
24,2023,D6,7.858502
24,2023,D7,3.319796
24,2023,D8,3.3303945
25,2023,D1,5.4982405
25,2023,D2,5.399543
25,2023,D3,4.364309
25,2023,D4,6.3938966
25,2023,D5,7.5157523
25,2023,D6,8.292518
25,2023,D7,3.2933571
25,2023,D8,3.314508
26,2023,D1,5.7694554
26,2023,D2,5.491532
26,2023,D3,4.297277
26,2023,D4,6.9686456
26,2023,D5,7.1906767
26,2023,D6,7.765154
26,2023,D7,3.6915414
26,2023,D8,3.0299373
27,2023,D1,5.0855556
27,2023,D2,5.288951
27,2023,D3,4.3177094
27,2023,D4,6.6789317
27,2023,D5,7.0760584
27,2023,D6,7.7857924
27,2023,D7,3.6344204
27,2023,D8,2.9798741
28,2023,D1,5.7635245
28,2023,D2,5.749053
28,2023,D3,4.5042276
28,2023,D4,7.053561
28,2023,D5,7.5357776
28,2023,D6,7.707887
28,2023,D7,3.660783
28,2023,D8,3.4543343
29,2023,D1,5.32774
29,2023,D2,5.2465677
29,2023,D3,4.4084473
29,2023,D4,6.2325954
29,2023,D5,6.8269653
29,2023,D6,7.095862
29,2023,D7,3.289363
29,2023,D8,3.172273
30,2023,D1,5.0971417
30,2023,D2,5.007578
30,2023,D3,4.2810173
30,2023,D4,7.1661506
30,2023,D5,7.104251
30,2023,D6,7.2981505
30,2023,D7,3.5462043
30,2023,D8,3.2699578
31,2023,D1,5.3434596
31,2023,D2,5.835605
31,2023,D3,4.3688297
31,2023,D4,7.5740404
31,2023,D5,7.341803
31,2023,D6,8.304116
31,2023,D7,3.9691415
31,2023,D8,3.3045437
32,2023,D1,4.930391
32,2023,D2,4.958741
32,2023,D3,4.344962
32,2023,D4,6.628942
32,2023,D5,7.2374086
32,2023,D6,7.813169
32,2023,D7,3.145997
32,2023,D8,3.6071653
33,2023,D1,4.802994
33,2023,D2,4.5627093
33,2023,D3,3.8586652
33,2023,D4,6.5457554
33,2023,D5,6.9009805
33,2023,D6,7.6957097
33,2023,D7,3.309311
33,2023,D8,2.919867
34,2023,D1,4.707195
34,2023,D2,4.9118366
34,2023,D3,4.059223
34,2023,D4,5.856346
34,2023,D5,7.262654
34,2023,D6,7.428116
34,2023,D7,3.3853452
34,2023,D8,2.8783693
35,2023,D1,4.558098
35,2023,D2,5.456316
35,2023,D3,4.2454042
35,2023,D4,7.4530244
35,2023,D5,7.2300596
35,2023,D6,7.7623396
35,2023,D7,3.578523
35,2023,D8,3.2880588
36,2023,D1,4.3750863
36,2023,D2,4.64153
36,2023,D3,4.002036
36,2023,D4,6.8087316
36,2023,D5,6.679344
36,2023,D6,7.7044296
36,2023,D7,3.514556
36,2023,D8,2.6944628
37,2023,D1,4.89791
37,2023,D2,5.876099
37,2023,D3,4.3180737
37,2023,D4,7.373419
37,2023,D5,7.177011
37,2023,D6,8.07899
37,2023,D7,3.7424128
37,2023,D8,3.4780214
38,2023,D1,5.3349166
38,2023,D2,5.5838413
38,2023,D3,4.423919
38,2023,D4,7.3609405
38,2023,D5,7.5598664
38,2023,D6,8.228642
38,2023,D7,3.903231
38,2023,D8,3.1100247
39,2023,D1,5.1864576
39,2023,D2,4.996615
39,2023,D3,4.21657
39,2023,D4,6.7600207
39,2023,D5,7.2866406
39,2023,D6,7.641315
39,2023,D7,3.382014
39,2023,D8,3.0043945
40,2023,D1,4.90297
40,2023,D2,4.710326
40,2023,D3,4.0864635
40,2023,D4,6.2617373
40,2023,D5,6.874089
40,2023,D6,7.2820964
40,2023,D7,3.152571
40,2023,D8,2.6910424
41,2023,D1,4.747166
41,2023,D2,4.849364
41,2023,D3,4.1497836
41,2023,D4,6.4905925
41,2023,D5,6.922712
41,2023,D6,7.384182
41,2023,D7,3.0374417
41,2023,D8,2.736616
42,2023,D1,4.756168
42,2023,D2,5.308916
42,2023,D3,4.2090755
42,2023,D4,6.617339
42,2023,D5,7.2269416
42,2023,D6,7.542155
42,2023,D7,3.2489028
42,2023,D8,3.4170322
43,2023,D1,4.651164
43,2023,D2,4.3092985
43,2023,D3,4.059861
43,2023,D4,5.958867
43,2023,D5,7.0976624
43,2023,D6,6.8387265
43,2023,D7,3.145667
43,2023,D8,2.9098558
44,2023,D1,4.987863
44,2023,D2,4.70177
44,2023,D3,4.3124404
44,2023,D4,6.192936
44,2023,D5,7.0736885
44,2023,D6,7.417147
44,2023,D7,2.9912117
44,2023,D8,3.2273695
45,2023,D1,4.5280075
45,2023,D2,4.563145
45,2023,D3,4.187951
45,2023,D4,6.109691
45,2023,D5,7.029775
45,2023,D6,7.323791
45,2023,D7,2.9948351
45,2023,D8,3.2154038
46,2023,D1,3.9292457
46,2023,D2,4.377041
46,2023,D3,4.0105777
46,2023,D4,6.8288226
46,2023,D5,7.195917
46,2023,D6,6.7685795
46,2023,D7,3.1993608
46,2023,D8,2.926809
48,2023,D1,4.3364444
48,2023,D2,4.5910053
48,2023,D3,4.137621
48,2023,D4,6.483962
48,2023,D5,7.0263276
48,2023,D6,6.998645
48,2023,D7,2.9915345
48,2023,D8,3.3458247
49,2023,D1,4.6407
49,2023,D2,5.643014
49,2023,D3,4.2696433
49,2023,D4,7.218091
49,2023,D5,7.45147
49,2023,D6,8.162597
49,2023,D7,3.5327637
49,2023,D8,3.6563299
50,2023,D1,4.6058683
50,2023,D2,5.1528387
50,2023,D3,4.304179
50,2023,D4,6.6334968
50,2023,D5,7.0510015
50,2023,D6,7.533808
50,2023,D7,2.9641578
50,2023,D8,3.5300076
51,2023,D1,4.5727468
51,2023,D2,4.803759
51,2023,D3,3.866072
51,2023,D4,6.708814
51,2023,D5,7.2252145
51,2023,D6,6.7584524
51,2023,D7,3.4039075
51,2023,D8,3.4939864
52,2023,D1,3.6879377
52,2023,D2,4.5152416
52,2023,D3,3.93648
52,2023,D4,6.6372466
52,2023,D5,7.2812862
52,2023,D6,7.1419377
52,2023,D7,3.7932997
52,2023,D8,2.6972015
53,2023,D1,4.6710014
53,2023,D2,4.591871
53,2023,D3,3.8072898
53,2023,D4,6.7834144
53,2023,D5,7.133745
53,2023,D6,7.1582966
53,2023,D7,3.5043495
53,2023,D8,2.5628426
54,2023,D1,3.9348295
54,2023,D2,4.4062433
54,2023,D3,4.008718
54,2023,D4,6.623692
54,2023,D5,7.340366
54,2023,D6,7.8110676
54,2023,D7,3.4604123
54,2023,D8,2.557996
55,2023,D1,4.178352
55,2023,D2,4.701129
55,2023,D3,3.9900882
55,2023,D4,6.379632
55,2023,D5,6.990277
55,2023,D6,7.8558707
55,2023,D7,3.801
55,2023,D8,2.9267356
56,2023,D1,3.9249887
56,2023,D2,4.6666894
56,2023,D3,4.0032063
56,2023,D4,6.957834
56,2023,D5,7.309756
56,2023,D6,7.2534885
56,2023,D7,4.289521
56,2023,D8,2.9171453
57,2023,D1,4.338145
57,2023,D2,4.5846477
57,2023,D3,4.060783
57,2023,D4,6.886094
57,2023,D5,7.0037813
57,2023,D6,8.047103
57,2023,D7,3.9688172
57,2023,D8,2.9560812
58,2023,D1,3.9487467
58,2023,D2,4.8033347
58,2023,D3,4.2508283
58,2023,D4,6.889316
58,2023,D5,7.143142
58,2023,D6,7.167074
58,2023,D7,3.7897606
58,2023,D8,2.9970279
59,2023,D1,3.8642483
59,2023,D2,4.752471
59,2023,D3,4.089053
59,2023,D4,6.42318
59,2023,D5,7.0732355
59,2023,D6,6.8072295
59,2023,D7,3.9595187
59,2023,D8,3.2055023
60,2023,D1,4.3387637
60,2023,D2,4.4484596
60,2023,D3,3.9288194
60,2023,D4,7.000959
60,2023,D5,7.12142
60,2023,D6,7.137569
60,2023,D7,4.170802
60,2023,D8,2.9223995
61,2023,D1,4.9587636
61,2023,D2,5.484426
61,2023,D3,4.493371
61,2023,D4,8.146994
61,2023,D5,7.436023
61,2023,D6,7.8980975
61,2023,D7,4.0346875
61,2023,D8,3.1672497
62,2023,D1,5.021307
62,2023,D2,5.501846
62,2023,D3,4.65724
62,2023,D4,7.65854
62,2023,D5,7.639762
62,2023,D6,7.6163564
62,2023,D7,3.9442482
62,2023,D8,3.5391126
63,2023,D1,3.8049018
63,2023,D2,4.4119153
63,2023,D3,4.0718517
63,2023,D4,6.8577533
63,2023,D5,7.1273575
63,2023,D6,6.901631
63,2023,D7,3.794394
63,2023,D8,3.1356382
1,2024,D1,5.214725
1,2024,D2,5.4806714
1,2024,D3,4.2750516
1,2024,D4,7.140234
1,2024,D5,7.2269773
1,2024,D6,7.0763383
1,2024,D7,4.0407176
1,2024,D8,3.27419
2,2024,D1,4.6403184
2,2024,D2,5.127021
2,2024,D3,4.2116694
2,2024,D4,6.223402
2,2024,D5,6.8141904
2,2024,D6,7.5840797
2,2024,D7,3.7891693
2,2024,D8,2.942627
3,2024,D1,5.3297963
3,2024,D2,5.4973283
3,2024,D3,4.312432
3,2024,D4,7.0796676
3,2024,D5,7.3666415
3,2024,D6,7.2207327
3,2024,D7,3.6826825
3,2024,D8,3.6069496
4,2024,D1,5.1531653
4,2024,D2,5.167506
4,2024,D3,4.2898808
4,2024,D4,6.753948
4,2024,D5,7.0842004
4,2024,D6,7.2934084
4,2024,D7,3.425579
4,2024,D8,3.3790896
5,2024,D1,4.9317636
5,2024,D2,5.212203
5,2024,D3,4.2200937
5,2024,D4,6.6010923
5,2024,D5,6.8470683
5,2024,D6,7.1964912
5,2024,D7,3.4037914
5,2024,D8,3.336397
6,2024,D1,4.816692
6,2024,D2,5.0589905
6,2024,D3,4.1547194
6,2024,D4,6.8476167
6,2024,D5,7.075794
6,2024,D6,7.175598
6,2024,D7,3.53984
6,2024,D8,3.269802
7,2024,D1,5.8346086
7,2024,D2,6.062947
7,2024,D3,4.59851
7,2024,D4,7.1730223
7,2024,D5,7.3952203
7,2024,D6,7.943897
7,2024,D7,3.3537536
7,2024,D8,3.9866931
8,2024,D1,5.525624
8,2024,D2,5.6443086
8,2024,D3,4.403242
8,2024,D4,7.133356
8,2024,D5,7.4854727
8,2024,D6,7.861848
8,2024,D7,3.6075735
8,2024,D8,3.342198
9,2024,D1,5.954645
9,2024,D2,5.385976
9,2024,D3,4.3864303
9,2024,D4,7.1372805
9,2024,D5,7.23427
9,2024,D6,7.857663
9,2024,D7,3.1915727
9,2024,D8,3.5375683
10,2024,D1,5.2344713
10,2024,D2,5.7730985
10,2024,D3,4.327082
10,2024,D4,7.1479335
10,2024,D5,7.2606554
10,2024,D6,7.78133
10,2024,D7,3.3377035
10,2024,D8,3.5522285
11,2024,D1,4.6315355
11,2024,D2,4.99096
11,2024,D3,4.2216644
11,2024,D4,6.615695
11,2024,D5,7.1933217
11,2024,D6,6.742524
11,2024,D7,3.8923364
11,2024,D8,3.0877905
12,2024,D1,5.2362795
12,2024,D2,5.431123
12,2024,D3,4.2190323
12,2024,D4,6.6353073
12,2024,D5,7.131219
12,2024,D6,7.7216988
12,2024,D7,3.6816375
12,2024,D8,3.4232705
13,2024,D1,5.204468
13,2024,D2,5.361041
13,2024,D3,4.4622808
13,2024,D4,7.062807
13,2024,D5,7.1389866
13,2024,D6,7.4601016
13,2024,D7,3.8144147
13,2024,D8,3.3834512
14,2024,D1,5.230725
14,2024,D2,5.332258
14,2024,D3,4.2637906
14,2024,D4,6.9433165
14,2024,D5,6.969212
14,2024,D6,7.384555
14,2024,D7,4.04861
14,2024,D8,3.3053226
15,2024,D1,5.3922696
15,2024,D2,5.711352
15,2024,D3,4.362601
15,2024,D4,6.698252
15,2024,D5,7.123151
15,2024,D6,7.568981
15,2024,D7,2.8725736
15,2024,D8,4.0455356
17,2024,D1,5.6018467
17,2024,D2,5.4774365
17,2024,D3,4.3570437
17,2024,D4,6.877239
17,2024,D5,7.5354843
17,2024,D6,8.400966
17,2024,D7,3.4306636
17,2024,D8,3.8049881
18,2024,D1,5.8739314
18,2024,D2,5.8307924
18,2024,D3,4.3448133
18,2024,D4,7.9890556
18,2024,D5,7.3876486
18,2024,D6,8.41984
18,2024,D7,4.0331697
18,2024,D8,3.941986
19,2024,D1,5.3658714
19,2024,D2,5.011752
19,2024,D3,4.31925
19,2024,D4,6.564701
19,2024,D5,7.0850835
19,2024,D6,7.5111213
19,2024,D7,3.1709604
19,2024,D8,3.5660443
20,2024,D1,5.2277036
20,2024,D2,5.330075
20,2024,D3,4.12777
20,2024,D4,6.483808
20,2024,D5,7.0873923
20,2024,D6,7.5885
20,2024,D7,3.3130493
20,2024,D8,3.5453527
21,2024,D1,5.4520383
21,2024,D2,5.5162215
21,2024,D3,4.3691444
21,2024,D4,7.195939
21,2024,D5,7.3096976
21,2024,D6,7.5498447
21,2024,D7,3.584682
21,2024,D8,3.4266748
22,2024,D1,5.1838202
22,2024,D2,5.63231
22,2024,D3,4.6101375
22,2024,D4,7.047174
22,2024,D5,7.254276
22,2024,D6,8.133447
22,2024,D7,3.464666
22,2024,D8,3.4120815
23,2024,D1,5.6991305
23,2024,D2,5.260747
23,2024,D3,4.4114165
23,2024,D4,6.9043627
23,2024,D5,7.2147126
23,2024,D6,7.1566815
23,2024,D7,3.3098805
23,2024,D8,3.425803
24,2024,D1,5.614821
24,2024,D2,5.4210725
24,2024,D3,4.2580404
24,2024,D4,6.928052
24,2024,D5,7.3345613
24,2024,D6,7.84111
24,2024,D7,3.5677288
24,2024,D8,3.3921232
25,2024,D1,5.4310226
25,2024,D2,5.525877
25,2024,D3,4.339327
25,2024,D4,6.8789997
25,2024,D5,7.3090806
25,2024,D6,7.4313684
25,2024,D7,3.6945283
25,2024,D8,3.3418083
26,2024,D1,5.6885676
26,2024,D2,5.465582
26,2024,D3,4.4848266
26,2024,D4,7.2913423
26,2024,D5,7.246796
26,2024,D6,7.4674497
26,2024,D7,3.9399061
26,2024,D8,3.2862813
27,2024,D1,5.318382
27,2024,D2,5.2588186
27,2024,D3,4.282999
27,2024,D4,6.899292
27,2024,D5,7.1586857
27,2024,D6,7.2775764
27,2024,D7,3.7921565
27,2024,D8,3.0819771
28,2024,D1,5.841213
28,2024,D2,5.955794
28,2024,D3,4.5642695
28,2024,D4,7.1892715
28,2024,D5,7.3588543
28,2024,D6,7.511996
28,2024,D7,3.7232423
28,2024,D8,3.4084456
29,2024,D1,5.4784436
29,2024,D2,5.570678
29,2024,D3,4.4923954
29,2024,D4,6.734325
29,2024,D5,6.620259
29,2024,D6,7.908047
29,2024,D7,3.4936247
29,2024,D8,3.507027
30,2024,D1,5.4809937
30,2024,D2,5.646862
30,2024,D3,4.3143196
30,2024,D4,7.3490567
30,2024,D5,7.2824354
30,2024,D6,7.4545712
30,2024,D7,3.6911612
30,2024,D8,3.5278687
31,2024,D1,5.389178
31,2024,D2,5.505286
31,2024,D3,4.3029323
31,2024,D4,7.224679
31,2024,D5,7.185607
31,2024,D6,8.137438
31,2024,D7,4.0384774
31,2024,D8,3.311449
32,2024,D1,4.7903976
32,2024,D2,5.017689
32,2024,D3,4.3863173
32,2024,D4,6.617632
32,2024,D5,7.3898067
32,2024,D6,8.164029
32,2024,D7,3.090879
32,2024,D8,3.7553146
33,2024,D1,4.3570433
33,2024,D2,4.8638635
33,2024,D3,3.9765358
33,2024,D4,6.731966
33,2024,D5,6.6984262
33,2024,D6,7.7961454
33,2024,D7,3.677966
33,2024,D8,2.9025128
34,2024,D1,4.7686677
34,2024,D2,5.4296136
34,2024,D3,4.389741
34,2024,D4,7.002513
34,2024,D5,7.118406
34,2024,D6,7.610022
34,2024,D7,3.7340803
34,2024,D8,3.0160394
35,2024,D1,4.5344944
35,2024,D2,5.5700946
35,2024,D3,4.117841
35,2024,D4,7.1864
35,2024,D5,6.9361544
35,2024,D6,7.9399056
35,2024,D7,3.7726169
35,2024,D8,3.4105778
36,2024,D1,4.303528
36,2024,D2,4.6866717
36,2024,D3,4.130749
36,2024,D4,7.111042
36,2024,D5,6.7556114
36,2024,D6,7.263657
36,2024,D7,3.5282295
36,2024,D8,2.888946
37,2024,D1,4.3452415
37,2024,D2,5.4215875
37,2024,D3,4.3180633
37,2024,D4,7.205019
37,2024,D5,7.1181617
37,2024,D6,8.1182995
37,2024,D7,3.7911613
37,2024,D8,3.488822
38,2024,D1,5.06169
38,2024,D2,5.5555634
38,2024,D3,4.477515
38,2024,D4,7.5495224
38,2024,D5,7.511939
38,2024,D6,8.157281
38,2024,D7,3.9285278
38,2024,D8,3.4902482
39,2024,D1,5.6322875
39,2024,D2,6.2309666
39,2024,D3,4.3517547
39,2024,D4,7.7144156
39,2024,D5,7.5443993
39,2024,D6,8.171577
39,2024,D7,3.8221931
39,2024,D8,3.6590524
40,2024,D1,4.536165
40,2024,D2,4.568783
40,2024,D3,3.890919
40,2024,D4,6.3550253
40,2024,D5,7.2452383
40,2024,D6,7.4358487
40,2024,D7,3.2878282
40,2024,D8,2.9884539
41,2024,D1,4.80707
41,2024,D2,5.0022407
41,2024,D3,4.177762
41,2024,D4,6.6482377
41,2024,D5,6.903173
41,2024,D6,7.3899393
41,2024,D7,3.506393
41,2024,D8,2.8510842
42,2024,D1,4.7686486
42,2024,D2,5.259129
42,2024,D3,4.3294578
42,2024,D4,7.009812
42,2024,D5,7.428984
42,2024,D6,7.260577
42,2024,D7,3.4043024
42,2024,D8,3.5493166
43,2024,D1,4.595878
43,2024,D2,4.7127914
43,2024,D3,4.233318
43,2024,D4,6.3219485
43,2024,D5,7.063444
43,2024,D6,7.028904
43,2024,D7,3.3129044
43,2024,D8,3.2681937
44,2024,D1,4.743623
44,2024,D2,4.6665163
44,2024,D3,4.365794
44,2024,D4,6.1505036
44,2024,D5,6.917418
44,2024,D6,7.6079836
44,2024,D7,3.1923068
44,2024,D8,3.3737845
45,2024,D1,4.5305033
45,2024,D2,4.8436036
45,2024,D3,4.296006
45,2024,D4,6.578101
45,2024,D5,7.1242805
45,2024,D6,7.381527
45,2024,D7,3.3161113
45,2024,D8,3.5592976
46,2024,D1,5.3659606
46,2024,D2,6.1258197
46,2024,D3,4.4819713
46,2024,D4,8.203923
46,2024,D5,7.5406976
46,2024,D6,7.8218713
46,2024,D7,3.9277575
46,2024,D8,3.8772442
47,2024,D1,4.8678775
47,2024,D2,5.8828783
47,2024,D3,4.256371
47,2024,D4,7.640022
47,2024,D5,7.4048953
47,2024,D6,7.7558355
47,2024,D7,3.5233104
47,2024,D8,4.059956
48,2024,D1,4.5591216
48,2024,D2,4.9210234
48,2024,D3,4.269532
48,2024,D4,6.7135344
48,2024,D5,7.1346927
48,2024,D6,7.4769363
48,2024,D7,3.219376
48,2024,D8,3.5302398
49,2024,D1,4.6065764
49,2024,D2,5.502339
49,2024,D3,4.36369
49,2024,D4,7.6227803
49,2024,D5,7.544918
49,2024,D6,8.323375
49,2024,D7,3.823252
49,2024,D8,3.745167
50,2024,D1,4.8062167
50,2024,D2,5.1966023
50,2024,D3,4.1746407
50,2024,D4,6.954373
50,2024,D5,6.9252443
50,2024,D6,7.812324
50,2024,D7,3.169226
50,2024,D8,3.7745416
51,2024,D1,4.7067814
51,2024,D2,5.0847707
51,2024,D3,4.2596855
51,2024,D4,7.044085
51,2024,D5,7.2244797
51,2024,D6,6.6919546
51,2024,D7,3.6199572
51,2024,D8,3.6613698
53,2024,D1,4.3346887
53,2024,D2,4.791142
53,2024,D3,4.306832
53,2024,D4,6.836029
53,2024,D5,7.2034903
53,2024,D6,7.0315037
53,2024,D7,3.7125912
53,2024,D8,3.0332735
54,2024,D1,4.107318
54,2024,D2,4.849989
54,2024,D3,4.1558266
54,2024,D4,6.904301
54,2024,D5,6.9165635
54,2024,D6,7.3605876
54,2024,D7,3.580072
54,2024,D8,2.7416408
55,2024,D1,4.391294
55,2024,D2,5.030283
55,2024,D3,3.952871
55,2024,D4,7.1191974
55,2024,D5,7.2897534
55,2024,D6,8.019111
55,2024,D7,4.2195387
55,2024,D8,3.1739
56,2024,D1,4.5901046
56,2024,D2,5.2069983
56,2024,D3,4.408047
56,2024,D4,7.2803764
56,2024,D5,7.559963
56,2024,D6,7.3096857
56,2024,D7,4.4122086
56,2024,D8,3.0683272
57,2024,D1,4.2719364
57,2024,D2,5.1564136
57,2024,D3,3.9967048
57,2024,D4,7.560951
57,2024,D5,7.1891427
57,2024,D6,7.49595
57,2024,D7,4.2939696
57,2024,D8,2.9266162
58,2024,D1,4.1186
58,2024,D2,4.415021
58,2024,D3,3.8997576
58,2024,D4,6.086704
58,2024,D5,7.261682
58,2024,D6,7.686404
58,2024,D7,3.4604347
58,2024,D8,2.9835837
59,2024,D1,3.6055303
59,2024,D2,4.4497905
59,2024,D3,3.9863043
59,2024,D4,6.822668
59,2024,D5,7.136381
59,2024,D6,7.185236
59,2024,D7,3.8751736
59,2024,D8,3.3815794
60,2024,D1,4.420416
60,2024,D2,5.105808
60,2024,D3,4.2974772
60,2024,D4,7.41103
60,2024,D5,7.592769
60,2024,D6,7.5125403
60,2024,D7,4.32151
60,2024,D8,3.34506
61,2024,D1,4.9695096
61,2024,D2,5.5659294
61,2024,D3,4.189925
61,2024,D4,7.828555
61,2024,D5,7.4154515
61,2024,D6,8.156106
61,2024,D7,3.8965037
61,2024,D8,3.164438
62,2024,D1,4.601687
62,2024,D2,5.3069553
62,2024,D3,4.396918
62,2024,D4,7.5723104
62,2024,D5,7.3383965
62,2024,D6,7.5032496
62,2024,D7,3.9329298
62,2024,D8,3.4479368
63,2024,D1,4.650405
63,2024,D2,5.5249796
63,2024,D3,4.5870423
63,2024,D4,7.591258
63,2024,D5,7.4576635
63,2024,D6,7.5006666
63,2024,D7,3.7668543
63,2024,D8,3.4427905
